url,tipo,status,finalUrl,canonical,robots,title,metaDescription,h1
"https://ofitodo.com/",home,200,"https://ofitodo.com/","https://ofitodo.com/","index, follow, max-image-preview:large, max-snippet:-1, max-video-preview:-1","Mobiliario para Oficina en Aguascalientes | Ofitodo","Mobiliario para oficina de calidad, confort y diseño. Fabricantes en Aguascalientes con envíos a todo México.",""
"https://ofitodo.com/?s=escritorio",home,200,"https://ofitodo.com/?s=escritorio","","noindex, follow","Has buscado escritorio | Ofitodo","","SEARCH RESULTS FOR: ESCRITORIO"
"https://ofitodo.com/author/developer/",autor,200,"https://ofitodo.com/author/developer/","https://ofitodo.com/author/developer/","index, follow, max-image-preview:large, max-snippet:-1, max-video-preview:-1","developer, Ofitodo","","AUTHOR: DEVELOPER"
"https://ofitodo.com/author/marketing/",autor,200,"https://ofitodo.com/author/marketing/","https://ofitodo.com/author/marketing/","index, follow, max-image-preview:large, max-snippet:-1, max-video-preview:-1","marketing ofitodo, Ofitodo","","AUTHOR: MARKETING OFITODO"
"https://ofitodo.com/aviso-de-privacidad/",pagina/post,200,"https://ofitodo.com/aviso-de-privacidad/","https://ofitodo.com/aviso-de-privacidad/","index, follow, max-image-preview:large, max-video-preview:-1, nosnippet","Aviso de privacidad | Ofitodo","Ofitodo: Mobiliario para oficina, diseño y equipamiento. ¡Ofrecemos soluciones a gran número de mercados con diferentes líneas de negocio!","AVISO DE PRIVACIDAD DE COMERCIALIZADORA OFITODO."
"https://ofitodo.com/bancas-personalizadas-wwl/",pagina/post,200,"https://ofitodo.com/bancas-personalizadas-wwl/","https://ofitodo.com/bancas-personalizadas-wwl/","index, follow, max-image-preview:large, max-snippet:-1, max-video-preview:-1","Bancas Personalizadas para WWL Mexico | Ofitodo","Conoce el proyecto de bancas personalizadas para WWL desarrollado por OFITODO con estructura metálica, plastimadera y distribución en diferentes estados de México.","OFITODO"
"https://ofitodo.com/blog/",pagina/post,200,"https://ofitodo.com/blog/","https://ofitodo.com/blog/","index, follow, max-image-preview:large, max-snippet:-1, max-video-preview:-1","Blog | Ofitodo","",""
"https://ofitodo.com/carrito/",pagina/post,200,"https://ofitodo.com/producto/carrito-industrial-metalico/","https://ofitodo.com/producto/carrito-industrial-metalico/","index, follow, max-image-preview:large, max-snippet:-1, max-video-preview:-1","Carrito metálico | Ofitodo","Carrito metálico industrial, ideal para entornos exigentes. Diseñado para una movilidad eficiente de herramientas y materiales.",""
"https://ofitodo.com/cart/",pagina/post,200,"https://ofitodo.com/cart/","https://ofitodo.com/cart/","noindex, follow","Carrito | Ofitodo","","CARRITO"
"https://ofitodo.com/categoria-producto/brokers/",categoria-producto,200,"https://ofitodo.com/categoria-producto/brokers/","https://ofitodo.com/categoria-producto/brokers/","index, follow, max-image-preview:large, max-snippet:-1, max-video-preview:-1","Brokers | Ofitodo","","BROKERS"
"https://ofitodo.com/categoria-producto/escritorios/",categoria-producto,200,"https://ofitodo.com/categoria-producto/escritorios/","https://ofitodo.com/categoria-producto/escritorios/","index, follow, max-image-preview:large, max-snippet:-1, max-video-preview:-1","Venta y Fabricación de Escritorios","Renueva tu oficina con nuestros escritorios, fabricamos muebles a tu medida elaborados con materiales altamente resistentes y duraderos. ¡Somos fabricantes!","ESCRITORIOS"
"https://ofitodo.com/categoria-producto/escritorios/escritorios-linea-alpha-ofitodo/",categoria-producto,200,"https://ofitodo.com/categoria-producto/escritorios/escritorios-linea-alpha-ofitodo/","https://ofitodo.com/categoria-producto/escritorios/escritorios-linea-alpha-ofitodo/","index, follow, max-image-preview:large, max-snippet:-1, max-video-preview:-1","Línea Alpha | Ofitodo","Escritorios con diseños modernos, elaborados con excelentes materiales. ¡Elige el ideal para tu espacio!","LÍNEA ALPHA"
"https://ofitodo.com/categoria-producto/escritorios/escritorios-linea-altezza-ofitodo/",categoria-producto,200,"https://ofitodo.com/categoria-producto/escritorios/escritorios-linea-altezza-ofitodo/","https://ofitodo.com/categoria-producto/escritorios/escritorios-linea-altezza-ofitodo/","index, follow, max-image-preview:large, max-snippet:-1, max-video-preview:-1","Línea Altezza | Ofitodo","Escritorios de altura ajustable línea Altezza, encuentra aquí los diseños más modernos, versátiles, resistentes y de la mejor calidad. ¡Elige el tuyo!","LÍNEA ALTEZZA"
"https://ofitodo.com/categoria-producto/escritorios/escritorios-linea-chrome-ofitodo/",categoria-producto,200,"https://ofitodo.com/categoria-producto/escritorios/escritorios-linea-chrome-ofitodo/","https://ofitodo.com/categoria-producto/escritorios/escritorios-linea-chrome-ofitodo/","index, follow, max-image-preview:large, max-snippet:-1, max-video-preview:-1","Línea Chrome | Ofitodo","Escritorios con estructura metálica línea chrome, encuentra variedad de diseños y colores. Modernos, cómodos y durables. ¡Nos adecuamos a tus necesidades!","LÍNEA CHROME"
"https://ofitodo.com/categoria-producto/escritorios/escritorios-linea-conic-ofitodo/",categoria-producto,200,"https://ofitodo.com/categoria-producto/escritorios/escritorios-linea-conic-ofitodo/","https://ofitodo.com/categoria-producto/escritorios/escritorios-linea-conic-ofitodo/","index, follow, max-image-preview:large, max-snippet:-1, max-video-preview:-1","Línea de escritorios Conic | Ofitodo","Escritorios para entornos ejecutivos y secretariales, ¡Dale un toque de elegancia a tu espacio de trabajo! fabricados con materiales de alta calidad.","LÍNEA CONIC"
"https://ofitodo.com/categoria-producto/escritorios/escritorios-linea-cristal-ofitodo/",categoria-producto,200,"https://ofitodo.com/categoria-producto/escritorios/escritorios-linea-cristal-ofitodo/","https://ofitodo.com/categoria-producto/escritorios/escritorios-linea-cristal-ofitodo/","index, follow, max-image-preview:large, max-snippet:-1, max-video-preview:-1","Escritorios de cristal | Ofitodo","Línea de escritorios de cristal templado perfectos para decorar tu espacio con funcionalidad, elegancia y minimalismo. ¡Elige tu escritorio ideal!","LÍNEA CRISTAL"
"https://ofitodo.com/categoria-producto/escritorios/escritorios-linea-cubic-ofitodo/",categoria-producto,200,"https://ofitodo.com/categoria-producto/escritorios/escritorios-linea-cubic-ofitodo/","https://ofitodo.com/categoria-producto/escritorios/escritorios-linea-cubic-ofitodo/","index, follow, max-image-preview:large, max-snippet:-1, max-video-preview:-1","Escritorios con patas cubicas | Ofitodo","Escritorios con estructura metálica en forma de cubo, con diseños de vanguardia, fabricados con materiales de alta calidad. ¡Somos fabricantes!","LÍNEA CUBIC"
"https://ofitodo.com/categoria-producto/escritorios/escritorios-linea-elegant-ofitodo/",categoria-producto,200,"https://ofitodo.com/categoria-producto/escritorios/escritorios-linea-elegant-ofitodo/","https://ofitodo.com/categoria-producto/escritorios/escritorios-linea-elegant-ofitodo/","index, follow, max-image-preview:large, max-snippet:-1, max-video-preview:-1","Escritorios elegantes | Ofitodo","Escritorios Elegant, aportan estilo, funcionalidad y elegancia a tus actividades laborales o personales. ¡Elige el tuyo! nos adecuamos a tus necesidades.","LÍNEA ELEGANT"
"https://ofitodo.com/categoria-producto/escritorios/escritorios-linea-grap/",categoria-producto,200,"https://ofitodo.com/categoria-producto/escritorios/escritorios-linea-grap/","https://ofitodo.com/categoria-producto/escritorios/escritorios-linea-grap/","index, follow, max-image-preview:large, max-snippet:-1, max-video-preview:-1","Escritorios para oficina | Ofitodo","Conoce la variedad de escritorios para oficina, escuela, home office y más que tenemos para ti, fabricados con materiales de la mejor calidad. ¡Elige el tuyo!","LÍNEA GRAP"
"https://ofitodo.com/categoria-producto/escritorios/escritorios-linea-legna-ofitodo/",categoria-producto,200,"https://ofitodo.com/categoria-producto/escritorios/escritorios-linea-legna-ofitodo/","https://ofitodo.com/categoria-producto/escritorios/escritorios-linea-legna-ofitodo/","index, follow, max-image-preview:large, max-snippet:-1, max-video-preview:-1","Escritorios para oficina | Ofitodo","Si buscas un escritorio moderno, estás en el sitio correcto. Escritorios para oficina fabricados en melamina. ¡Diseño y funcionalidad absoluta!","LÍNEA LEGNA"
"https://ofitodo.com/categoria-producto/escritorios/escritorios-linea-llamara-ofitodo/",categoria-producto,200,"https://ofitodo.com/categoria-producto/escritorios/escritorios-linea-llamara-ofitodo/","https://ofitodo.com/categoria-producto/escritorios/escritorios-linea-llamara-ofitodo/","index, follow, max-image-preview:large, max-snippet:-1, max-video-preview:-1","Escritorios en ""L"" | Ofitodo","Ya sea que busques un escritorios gamer o para oficina, encuentra gran variedad de diseños modernos, de madera, en L y más. ¡Elige el ideal para tu espacio!","LÍNEA LLAMARA"
"https://ofitodo.com/categoria-producto/escritorios/escritorios-linea-panel-ofitodo/",categoria-producto,200,"https://ofitodo.com/categoria-producto/escritorios/escritorios-linea-panel-ofitodo/","https://ofitodo.com/categoria-producto/escritorios/escritorios-linea-panel-ofitodo/","index, follow, max-image-preview:large, max-snippet:-1, max-video-preview:-1","Línea Panel | Ofitodo","Escritorios de oficina línea Panel, patas compuestas por columnas con rejillas pasacables. Calidad y diseño en mobiliario para oficina. ¡Elige el tuyo!","LÍNEA PANEL"
"https://ofitodo.com/categoria-producto/escritorios/linea-directiva/",categoria-producto,200,"https://ofitodo.com/categoria-producto/escritorios/linea-directiva/","https://ofitodo.com/categoria-producto/escritorios/linea-directiva/","index, follow, max-image-preview:large, max-snippet:-1, max-video-preview:-1","Línea Directiva | Ofitodo","Escritorios directivos de diseño moderno y funcionalidad premium. Mobiliario que refleja liderazgo, elegancia y profesionalismo en tu oficina.","LÍNEA DIRECTIVA"
"https://ofitodo.com/categoria-producto/escritorios/linea-home-office-ofitodo/",categoria-producto,200,"https://ofitodo.com/categoria-producto/escritorios/linea-home-office-ofitodo/","https://ofitodo.com/categoria-producto/escritorios/linea-home-office-ofitodo/","index, follow, max-image-preview:large, max-snippet:-1, max-video-preview:-1","Escritorios para home office | Ofitodo","Te presentamos los mejores escritorios para home office. Fabricamos modelos diversos que mejor se adapten a tu espacio, nos adecuamos a tus necesidades.","LÍNEA HOME OFFICE"
"https://ofitodo.com/categoria-producto/estaciones-de-trabajo/",categoria-producto,200,"https://ofitodo.com/categoria-producto/estaciones-de-trabajo/","https://ofitodo.com/categoria-producto/estaciones-de-trabajo/","index, follow, max-image-preview:large, max-snippet:-1, max-video-preview:-1","Estaciones de trabajo | Ofitodo","Estaciones de trabajo y módulos para oficina a tu medida, con diseños ideales y funcionales para tus colaboradores. Elaborados con materiales duraderos.","ESTACIONES DE TRABAJO"
"https://ofitodo.com/categoria-producto/exhibidores/",categoria-producto,200,"https://ofitodo.com/categoria-producto/exhibidores/","https://ofitodo.com/categoria-producto/exhibidores/","index, follow, max-image-preview:large, max-snippet:-1, max-video-preview:-1","Exhibidores | Ofitodo","Fabricados en melamina. Diseñados para destacar tus productos y promover tu marca, ¡Optimiza tu espacio comercial y atrae a más clientes con nuestros exhibidores!","EXHIBIDORES"
"https://ofitodo.com/categoria-producto/libreros-y-archiveros/",categoria-producto,200,"https://ofitodo.com/categoria-producto/libreros-y-archiveros/","https://ofitodo.com/categoria-producto/libreros-y-archiveros/","index, follow, max-image-preview:large, max-snippet:-1, max-video-preview:-1","Libreros y archiveros | Ofitodo","En ofitodo contamos con archiveros y libreros fabricados a tu medida con materiales de calidad, ideales para mantener cualquier espacio organizado.","LIBREROS Y ARCHIVEROS"
"https://ofitodo.com/categoria-producto/libreros-y-archiveros/archiveros-de-melamina/",categoria-producto,200,"https://ofitodo.com/categoria-producto/libreros-y-archiveros/archiveros-de-melamina/","https://ofitodo.com/categoria-producto/libreros-y-archiveros/archiveros-de-melamina/","index, follow, max-image-preview:large, max-snippet:-1, max-video-preview:-1","Archiveros De Melamina | Ofitodo","En ofitodo, contamos con una gran variedad de modelos, tamaños y colores de archiveros fabricados en melamina, nos adecuamos a tus necesidades.","ARCHIVEROS DE MELAMINA"
"https://ofitodo.com/categoria-producto/libreros-y-archiveros/archiveros-metalicos/",categoria-producto,200,"https://ofitodo.com/categoria-producto/libreros-y-archiveros/archiveros-metalicos/","https://ofitodo.com/categoria-producto/libreros-y-archiveros/archiveros-metalicos/","index, follow, max-image-preview:large, max-snippet:-1, max-video-preview:-1","Archiveros Metálicos | Ofitodo","Encuentra los mejores archiveros metálicos elaborados con materiales de alta calidad, que los hace altamente resistentes y duraderos. ¡En ofitodo nos adecuamos a tus proyectos!","ARCHIVEROS METÁLICOS"
"https://ofitodo.com/categoria-producto/libreros-y-archiveros/credenzas/",categoria-producto,200,"https://ofitodo.com/categoria-producto/libreros-y-archiveros/credenzas/","https://ofitodo.com/categoria-producto/libreros-y-archiveros/credenzas/","index, follow, max-image-preview:large, max-snippet:-1, max-video-preview:-1","Credenzas | Ofitodo","En ofitodo encontrarás una gran variedad de muebles de guardado y credenzas para tu espacio de trabajo, ¡dale un toque especial! En ofitodo hacemos de todo.","CREDENZAS"
"https://ofitodo.com/categoria-producto/libreros-y-archiveros/libreros/",categoria-producto,200,"https://ofitodo.com/categoria-producto/libreros-y-archiveros/libreros/","https://ofitodo.com/categoria-producto/libreros-y-archiveros/libreros/","index, follow, max-image-preview:large, max-snippet:-1, max-video-preview:-1","Libreros | Ofitodo","Encuentra una gran variedad de libreros que dan un toque de estilo y organización para cada rincón. Encuentra el librero perfecto para tu necesidad.","LIBREROS"
"https://ofitodo.com/categoria-producto/lockers-y-vestidores/",categoria-producto,200,"https://ofitodo.com/categoria-producto/lockers-y-vestidores/","https://ofitodo.com/categoria-producto/lockers-y-vestidores/","index, follow, max-image-preview:large, max-snippet:-1, max-video-preview:-1","Lockers y vestidores | Ofitodo","","LOCKERS Y VESTIDORES"
"https://ofitodo.com/categoria-producto/mesas-de-juntas/",categoria-producto,200,"https://ofitodo.com/categoria-producto/mesas-de-juntas/","https://ofitodo.com/categoria-producto/mesas-de-juntas/","index, follow, max-image-preview:large, max-snippet:-1, max-video-preview:-1","Mesas de juntas | Ofitodo","En ofitodo ¡fabricamos mesas de juntas a tu medida!, fabricadas con materiales de alta calidad, diseños modernos y ultra resistentes. ¡Somos fabricantes!","MESAS DE JUNTAS"
"https://ofitodo.com/categoria-producto/mobiliario-escolar/",categoria-producto,200,"https://ofitodo.com/categoria-producto/mobiliario-escolar/","https://ofitodo.com/categoria-producto/mobiliario-escolar/","index, follow, max-image-preview:large, max-snippet:-1, max-video-preview:-1","Mobiliario escolar | Ofitodo","","MOBILIARIO ESCOLAR"
"https://ofitodo.com/categoria-producto/mobiliario-escolar/escritorios-metalicos/",categoria-producto,200,"https://ofitodo.com/categoria-producto/mobiliario-escolar/escritorios-metalicos/","https://ofitodo.com/categoria-producto/mobiliario-escolar/escritorios-metalicos/","index, follow, max-image-preview:large, max-snippet:-1, max-video-preview:-1","Escritorios Metálicos | Ofitodo","En ofitodo contamos con variedad de escritorios metálicos escolares ultra duraderos y resistentes. ¡Elige el tuyo!","ESCRITORIOS METÁLICOS"
"https://ofitodo.com/categoria-producto/mobiliario-escolar/pupitres/",categoria-producto,200,"https://ofitodo.com/categoria-producto/mobiliario-escolar/pupitres/","https://ofitodo.com/categoria-producto/mobiliario-escolar/pupitres/","index, follow, max-image-preview:large, max-snippet:-1, max-video-preview:-1","Pupitres | Ofitodo","Conozca los diferentes pupitres y bancas escolares. Variedad de modelos y diseños para todos los espacios educativos y de capacitación.","PUPITRES"
"https://ofitodo.com/categoria-producto/mobiliario-industrial/",categoria-producto,200,"https://ofitodo.com/categoria-producto/mobiliario-industrial/","https://ofitodo.com/categoria-producto/mobiliario-industrial/","index, follow, max-image-preview:large, max-snippet:-1, max-video-preview:-1","Mobiliario Industrial | Ofitodo","Conoce nuestro mobiliario diseñado para el entorno industrial. Ofrecemos mesas de trabajo, estanterías, hasta soluciones de almacenamiento y más.","MOBILIARIO INDUSTRIAL"
"https://ofitodo.com/categoria-producto/mobiliario-para-consultorios-medicos/",categoria-producto,200,"https://ofitodo.com/categoria-producto/mobiliario-para-consultorios-medicos/","https://ofitodo.com/categoria-producto/mobiliario-para-consultorios-medicos/","index, follow, max-image-preview:large, max-snippet:-1, max-video-preview:-1","Mobiliario Para Consultorios Médicos | Ofitodo","Mobiliario de calidad para consultorios y hospitales. Soluciones ergonómicas y funcionales que mejoran la eficiencia y el confort en entornos médicos.","MOBILIARIO PARA CONSULTORIOS MÉDICOS"
"https://ofitodo.com/categoria-producto/mobiliario-para-oficina/",categoria-producto,200,"https://ofitodo.com/categoria-producto/mobiliario-para-oficina/","https://ofitodo.com/categoria-producto/mobiliario-para-oficina/","index, follow, max-image-preview:large, max-snippet:-1, max-video-preview:-1","Mobiliario para oficina | Ofitodo","","MOBILIARIO PARA OFICINA"
"https://ofitodo.com/categoria-producto/mobiliario/",categoria-producto,200,"https://ofitodo.com/categoria-producto/mobiliario/","https://ofitodo.com/categoria-producto/mobiliario/","index, follow, max-image-preview:large, max-snippet:-1, max-video-preview:-1","Mobiliario | Ofitodo","","MOBILIARIO"
"https://ofitodo.com/categoria-producto/mro/",categoria-producto,200,"https://ofitodo.com/categoria-producto/mro/","https://ofitodo.com/categoria-producto/mro/","index, follow, max-image-preview:large, max-snippet:-1, max-video-preview:-1","MRO | Ofitodo","","MRO"
"https://ofitodo.com/categoria-producto/muebles-para-bancos/",categoria-producto,200,"https://ofitodo.com/categoria-producto/muebles-para-bancos/","https://ofitodo.com/categoria-producto/muebles-para-bancos/","index, follow, max-image-preview:large, max-snippet:-1, max-video-preview:-1","Muebles para bancos | Ofitodo","","MUEBLES PARA BANCOS"
"https://ofitodo.com/categoria-producto/muebles-para-hospital/",categoria-producto,200,"https://ofitodo.com/categoria-producto/muebles-para-hospital/","https://ofitodo.com/categoria-producto/muebles-para-hospital/","index, follow, max-image-preview:large, max-snippet:-1, max-video-preview:-1","Muebles para hospital | Ofitodo","","MUEBLES PARA HOSPITAL"
"https://ofitodo.com/categoria-producto/muebles-para-restaurantes/",categoria-producto,200,"https://ofitodo.com/categoria-producto/muebles-para-restaurantes/","https://ofitodo.com/categoria-producto/muebles-para-restaurantes/","index, follow, max-image-preview:large, max-snippet:-1, max-video-preview:-1","Muebles para restaurantes | Ofitodo","","MUEBLES PARA RESTAURANTES"
"https://ofitodo.com/categoria-producto/paneles-acusticos/",categoria-producto,200,"https://ofitodo.com/categoria-producto/paneles-acusticos/","https://ofitodo.com/categoria-producto/paneles-acusticos/","index, follow, max-image-preview:large, max-snippet:-1, max-video-preview:-1","Paneles acústicos | Ofitodo","","PANELES ACÚSTICOS"
"https://ofitodo.com/categoria-producto/pintarrones/",categoria-producto,200,"https://ofitodo.com/categoria-producto/pintarrones/","https://ofitodo.com/categoria-producto/pintarrones/","index, follow, max-image-preview:large, max-snippet:-1, max-video-preview:-1","Pintarrones | Ofitodo","","PINTARRONES"
"https://ofitodo.com/categoria-producto/recepcion/",categoria-producto,200,"https://ofitodo.com/categoria-producto/recepcion/","https://ofitodo.com/categoria-producto/recepcion/","index, follow, max-image-preview:large, max-snippet:-1, max-video-preview:-1","Sala de espera y recepción | Ofitodo","","SALA DE ESPERA Y RECEPCIÓN"
"https://ofitodo.com/categoria-producto/recepcion/bancas-de-espera/",categoria-producto,200,"https://ofitodo.com/categoria-producto/recepcion/bancas-de-espera/","https://ofitodo.com/categoria-producto/recepcion/bancas-de-espera/","index, follow, max-image-preview:large, max-snippet:-1, max-video-preview:-1","Bancas de espera | Ofitodo","","BANCAS DE ESPERA"
"https://ofitodo.com/categoria-producto/recepcion/recepciones-modernas/",categoria-producto,200,"https://ofitodo.com/categoria-producto/recepcion/recepciones-modernas/","https://ofitodo.com/categoria-producto/recepcion/recepciones-modernas/","index, follow, max-image-preview:large, max-snippet:-1, max-video-preview:-1","Recepciones Modernas | Ofitodo","Transforma la bienvenida en tu negocio con nuestra línea de recepciones.","RECEPCIONES"
"https://ofitodo.com/categoria-producto/recepcion/salas-de-espera/",categoria-producto,200,"https://ofitodo.com/categoria-producto/recepcion/salas-de-espera/","https://ofitodo.com/categoria-producto/recepcion/salas-de-espera/","index, follow, max-image-preview:large, max-snippet:-1, max-video-preview:-1","Salas de espera | Ofitodo","Conozca la variedad de sillones y sofás para el área de recepción y sala de espera.","SALAS DE ESPERA"
"https://ofitodo.com/categoria-producto/restaurantes/",categoria-producto,200,"https://ofitodo.com/categoria-producto/restaurantes/","https://ofitodo.com/categoria-producto/restaurantes/","index, follow, max-image-preview:large, max-snippet:-1, max-video-preview:-1","Comedores y restaurantes | Ofitodo","Diseño, fabricación e instalación de mobiliario para bares y restaurantes. Creamos espacios únicos, funcionales y con estilo 100% personalizados.","COMEDORES Y RESTAURANTES"
"https://ofitodo.com/categoria-producto/restaurantes/mesas/",categoria-producto,200,"https://ofitodo.com/categoria-producto/restaurantes/mesas/","https://ofitodo.com/categoria-producto/restaurantes/mesas/","index, follow, max-image-preview:large, max-snippet:-1, max-video-preview:-1","Mesas para restaurantes | Ofitodo","Mesas que no solo son funcionales sino también estéticamente atractivas. Asegura el éxito de tu negocio con mobiliario diseñado para impresionar.","MESAS"
"https://ofitodo.com/categoria-producto/restaurantes/sillas-restaurantes/",categoria-producto,200,"https://ofitodo.com/categoria-producto/restaurantes/sillas-restaurantes/","https://ofitodo.com/categoria-producto/restaurantes/sillas-restaurantes/","index, follow, max-image-preview:large, max-snippet:-1, max-video-preview:-1","Sillas para interior o exterior | Ofitodo","Cada silla está pensada para crear un ambiente agradable y acogedor, asegurando que tus clientes disfruten de cada momento en tu establecimiento.","SILLAS"
"https://ofitodo.com/categoria-producto/restaurantes/sillas-restaurantes/sillas/",categoria-producto,200,"https://ofitodo.com/categoria-producto/restaurantes/sillas-restaurantes/sillas/","https://ofitodo.com/categoria-producto/restaurantes/sillas-restaurantes/sillas/","index, follow, max-image-preview:large, max-snippet:-1, max-video-preview:-1","Sillas y sillones de oficina | Ofitodo","Descubre toda la variedad de sillas de oficina que tenemos para ti. Elegancia y confort en tu oficina con nuestras sillas. Diseño y Personalización. ","SILLAS Y SILLONES DE OFICINA"
"https://ofitodo.com/categoria-producto/restaurantes/sillas-restaurantes/sillas/sillas-de-visita-ofitodo/",categoria-producto,200,"https://ofitodo.com/categoria-producto/restaurantes/sillas-restaurantes/sillas/sillas-de-visita-ofitodo/","https://ofitodo.com/categoria-producto/restaurantes/sillas-restaurantes/sillas/sillas-de-visita-ofitodo/","index, follow, max-image-preview:large, max-snippet:-1, max-video-preview:-1","Sillas visita | Ofitodo","Conoce la variedad de diseños y modelos de sillas y sillones de visita que ofrecemos, ultra cómodos y elegantes.","SILLAS VISITA"
"https://ofitodo.com/categoria-producto/restaurantes/sillas-restaurantes/sillas/sillas-directivas-ofitodo/",categoria-producto,200,"https://ofitodo.com/categoria-producto/restaurantes/sillas-restaurantes/sillas/sillas-directivas-ofitodo/","https://ofitodo.com/categoria-producto/restaurantes/sillas-restaurantes/sillas/sillas-directivas-ofitodo/","index, follow, max-image-preview:large, max-snippet:-1, max-video-preview:-1","Sillas Directivas | Ofitodo","Descubra nuestra amplia variedad de Sillas Directivas: Sillas de escritorio para oficina, con asientos y respaldos con diseño ergonómico, mecanismos de múltiples funciones, cabeceras ajustables y soportes lumbar. Para hogar, negocio o cualquier espacio donde lo necesite.","SILLAS DIRECTIVAS"
"https://ofitodo.com/categoria-producto/restaurantes/sillas-restaurantes/sillas/sillas-ejecutivas-de-oficina-ofitodo/",categoria-producto,200,"https://ofitodo.com/categoria-producto/restaurantes/sillas-restaurantes/sillas/sillas-ejecutivas-de-oficina-ofitodo/","https://ofitodo.com/categoria-producto/restaurantes/sillas-restaurantes/sillas/sillas-ejecutivas-de-oficina-ofitodo/","index, follow, max-image-preview:large, max-snippet:-1, max-video-preview:-1","Sillas Ejecutivas | Ofitodo","Conoce la variedad de nuestras sillas ejecutivas, con diseños modernos, ergonómicos y ultra cómodas.","SILLAS EJECUTIVAS"
"https://ofitodo.com/categoria-producto/restaurantes/sillas-restaurantes/sillas/sillas-industriales-ofitodo/",categoria-producto,200,"https://ofitodo.com/categoria-producto/restaurantes/sillas-restaurantes/sillas/sillas-industriales-ofitodo/","https://ofitodo.com/categoria-producto/restaurantes/sillas-restaurantes/sillas/sillas-industriales-ofitodo/","index, follow, max-image-preview:large, max-snippet:-1, max-video-preview:-1","Sillas Industriales | Ofitodo","","SILLAS INDUSTRIALES"
"https://ofitodo.com/categoria-producto/restaurantes/sillas-restaurantes/sillas/sillas-multiusos-para-oficina-ofitodo/",categoria-producto,200,"https://ofitodo.com/categoria-producto/restaurantes/sillas-restaurantes/sillas/sillas-multiusos-para-oficina-ofitodo/","https://ofitodo.com/categoria-producto/restaurantes/sillas-restaurantes/sillas/sillas-multiusos-para-oficina-ofitodo/","index, follow, max-image-preview:large, max-snippet:-1, max-video-preview:-1","Sillas Multiusos | Ofitodo","sillas para diferentes propósitos y áreas de la empresa con múltiples acabados en sillería y sillones. Ideales para exteriores.","SILLAS MULTIUSOS"
"https://ofitodo.com/categoria-producto/restaurantes/sillas-restaurantes/sillas/sillas-operativas-ofitodo/",categoria-producto,200,"https://ofitodo.com/categoria-producto/restaurantes/sillas-restaurantes/sillas/sillas-operativas-ofitodo/","https://ofitodo.com/categoria-producto/restaurantes/sillas-restaurantes/sillas/sillas-operativas-ofitodo/","index, follow, max-image-preview:large, max-snippet:-1, max-video-preview:-1","Sillas Operativas | Ofitodo","Te presentamos alternativas en sillas y sillones operativos que mezclan, diseño, calidad y confort. Elige entre nuestras opciones.","SILLAS OPERATIVAS"
"https://ofitodo.com/categoria-producto/uncategorized/",categoria-producto,200,"https://ofitodo.com/categoria-producto/uncategorized/","https://ofitodo.com/categoria-producto/uncategorized/","index, follow, max-image-preview:large, max-snippet:-1, max-video-preview:-1","Uncategorized | Ofitodo","","UNCATEGORIZED"
"https://ofitodo.com/comments/feed/",feed,200,"https://ofitodo.com/comments/feed/","","","","",""
"https://ofitodo.com/consultorios-medicos-a-medida/",pagina/post,200,"https://ofitodo.com/consultorios-medicos-a-medida/","https://ofitodo.com/consultorios-medicos-a-medida/","index, follow, max-image-preview:large, max-snippet:-1, max-video-preview:-1","Consultorios médicos a medida | Ofitodo","Un consultorio médico bien diseñado mejora la atención, la comodidad y la confianza del paciente. En OFITODO y ESSENTO creamos espacios médicos a medida.","CONSULTORIOS MÉDICOS"
"https://ofitodo.com/contactanos/",pagina/post,200,"https://ofitodo.com/contactanos/","https://ofitodo.com/contactanos/","index, follow, max-image-preview:large, max-snippet:-1, max-video-preview:-1","Contáctanos | Ofitodo","Contáctanos para soluciones personalizadas en mobiliario y equipamiento de oficina. Diseño, calidad y servicio a tu alcance. ¡Hagamos realidad tus proyectos!","CONTÁCTANOS"
"https://ofitodo.com/descargar-catalogo/",pagina/post,200,"https://ofitodo.com/descargar-catalogo/","https://ofitodo.com/descargar-catalogo/","index, follow, max-image-preview:large, max-snippet:-1, max-video-preview:-1","Descargar catálogo | Ofitodo","Contáctanos para soluciones personalizadas en mobiliario y equipamiento de oficina. Diseño, calidad y servicio a tu alcance. ¡Hagamos realidad tus proyectos!",""
"https://ofitodo.com/elementor-hf/footer/",pagina/post,200,"https://ofitodo.com/","https://ofitodo.com/","index, follow, max-image-preview:large, max-snippet:-1, max-video-preview:-1","Mobiliario para Oficina en Aguascalientes | Ofitodo","Mobiliario para oficina de calidad, confort y diseño. Fabricantes en Aguascalientes con envíos a todo México.",""
"https://ofitodo.com/elementor-hf/header/",pagina/post,200,"https://ofitodo.com/","https://ofitodo.com/","index, follow, max-image-preview:large, max-snippet:-1, max-video-preview:-1","Mobiliario para Oficina en Aguascalientes | Ofitodo","Mobiliario para oficina de calidad, confort y diseño. Fabricantes en Aguascalientes con envíos a todo México.",""
"https://ofitodo.com/estaciones-de-trabajo-para-oficina/",pagina/post,200,"https://ofitodo.com/estaciones-de-trabajo-para-oficina/","https://ofitodo.com/estaciones-de-trabajo-para-oficina/","index, follow, max-image-preview:large, max-snippet:-1, max-video-preview:-1","Estaciones de trabajo para oficina | Ofitodo","Diseñamos, fabricamos e instalamos estaciones de trabajo para oficina, optimizando espacios laborales con mobiliario funcional, moderno y productivo.","ESTACIONES DE TRABAJO"
"https://ofitodo.com/feed/",feed,200,"https://ofitodo.com/feed/","","","","",""
"https://ofitodo.com/finalizar-compra/",pagina/post,200,"https://ofitodo.com/cart/","https://ofitodo.com/cart/","noindex, follow","Carrito | Ofitodo","","CARRITO"
"https://ofitodo.com/interior-design/",pagina/post,200,"https://ofitodo.com/interior-design/","https://ofitodo.com/interior-design/","index, follow, max-image-preview:large, max-snippet:-1, max-video-preview:-1","Interior Design(posibles cambios) | Ofitodo","",""
"https://ofitodo.com/marca/grupo-albar/",marca,200,"https://ofitodo.com/marca/grupo-albar/","https://ofitodo.com/marca/grupo-albar/","index, follow, max-image-preview:large, max-snippet:-1, max-video-preview:-1","GRUPO ALBAR archivos | Ofitodo","","ARCHIVE"
"https://ofitodo.com/marca/kindemex/",marca,200,"https://ofitodo.com/marca/kindemex/","https://ofitodo.com/marca/kindemex/","index, follow, max-image-preview:large, max-snippet:-1, max-video-preview:-1","KINDEMEX archivos | Ofitodo","","ARCHIVE"
"https://ofitodo.com/marca/mobiliario-en-movimeinto/",marca,200,"https://ofitodo.com/marca/mobiliario-en-movimeinto/","https://ofitodo.com/marca/mobiliario-en-movimeinto/","index, follow, max-image-preview:large, max-snippet:-1, max-video-preview:-1","MOBILIARIO EN MOVIMIENTO archivos | Ofitodo","","ARCHIVE"
"https://ofitodo.com/marca/mobiliario-en-movimiento/",marca,200,"https://ofitodo.com/marca/mobiliario-en-movimiento/","https://ofitodo.com/marca/mobiliario-en-movimiento/","index, follow, max-image-preview:large, max-snippet:-1, max-video-preview:-1","Mobiliario en Movimiento archivos | Ofitodo","","ARCHIVE"
"https://ofitodo.com/marca/offiho/",marca,200,"https://ofitodo.com/marca/offiho/","https://ofitodo.com/marca/offiho/","index, follow, max-image-preview:large, max-snippet:-1, max-video-preview:-1","OFFIHO archivos | Ofitodo","","ARCHIVE"
"https://ofitodo.com/marca/technochairs/",marca,200,"https://ofitodo.com/marca/technochairs/","https://ofitodo.com/marca/technochairs/","index, follow, max-image-preview:large, max-snippet:-1, max-video-preview:-1","Technochairs archivos | Ofitodo","","ARCHIVE"
"https://ofitodo.com/mi-cuenta/",pagina/post,200,"https://ofitodo.com/mi-cuenta/","https://ofitodo.com/mi-cuenta/","noindex, follow","Mi cuenta | Ofitodo","","MI CUENTA"
"https://ofitodo.com/mobiliario-de-oficina-en-aguascalientes/",pagina/post,200,"https://ofitodo.com/mobiliario-de-oficina-en-aguascalientes/","https://ofitodo.com/mobiliario-de-oficina-en-aguascalientes/","index, follow, max-image-preview:large, max-snippet:-1, max-video-preview:-1","Muebles de oficina en Aguascalientes | Ofitodo","Fabricante de mobiliario de oficina en Aguascalientes con diseño y asesoría incluida. Cotiza tu proyecto por WhatsApp y recibe atención personalizada.","OFITODO"
"https://ofitodo.com/mobiliario-escolar-guia-espacios-educativos/",pagina/post,200,"https://ofitodo.com/mobiliario-escolar-guia-espacios-educativos/","https://ofitodo.com/mobiliario-escolar-guia-espacios-educativos/","index, follow, max-image-preview:large, max-snippet:-1, max-video-preview:-1","Mobiliario Escolar | Ofitodo","Descubre cómo elegir mobiliario escolar ergonómico y duradero. Conoce nuestras soluciones para aulas, bibliotecas y laboratorios. Cotiza con OFITODO.","OFITODO"
"https://ofitodo.com/mobiliario-para-restaurantes-y-bares-world-cup/",pagina/post,200,"https://ofitodo.com/mobiliario-para-restaurantes-y-bares-world-cup/","https://ofitodo.com/mobiliario-para-restaurantes-y-bares-world-cup/","index, follow, max-image-preview:large, max-snippet:-1, max-video-preview:-1","Mobiliario que Vende más en la World Cup 2026 | Ofitodo","Descubre cómo el mobiliario para restaurantes y bares puede transformar tu negocio durante el Mundial FIFA 2026. Sets completos de silla y mesa con entrega e instalación rápida en todo México. Cotiza con Ofitodo.","EL MOBILIARIO QUE HACE
CRECER TU NEGOCIO"
"https://ofitodo.com/muebles-para-bancos/",pagina/post,200,"https://ofitodo.com/muebles-para-bancos/","https://ofitodo.com/muebles-para-bancos/","index, follow, max-image-preview:large, max-snippet:-1, max-video-preview:-1","Muebles para bancos | Ofitodo","Muebles para restaurante en Aguascalientes. Soluciones funcionales y profesionales para cocinas, comedores y áreas de servicio.",""
"https://ofitodo.com/muebles-para-consultorios/",pagina/post,200,"https://ofitodo.com/muebles-para-consultorios/","https://ofitodo.com/muebles-para-consultorios/","index, follow, max-image-preview:large, max-snippet:-1, max-video-preview:-1","Muebles para Consultorios | Ofitodo","Muebles para consultorios en Aguascalientes. Soluciones funcionales y profesionales para espacios médicos y de atención.",""
"https://ofitodo.com/muebles-para-escuelas/",pagina/post,200,"https://ofitodo.com/muebles-para-escuelas/","https://ofitodo.com/muebles-para-escuelas/","index, follow, max-image-preview:large, max-snippet:-1, max-video-preview:-1","Muebles para Escuelas | Ofitodo","Muebles para escuelas en Aguascalientes. Soluciones funcionales y durables para aulas, oficinas administrativas y espacios educativos.",""
"https://ofitodo.com/muebles-para-hospital/",pagina/post,200,"https://ofitodo.com/muebles-para-hospital/","https://ofitodo.com/muebles-para-hospital/","index, follow, max-image-preview:large, max-snippet:-1, max-video-preview:-1","Muebles para Hospital | Ofitodo","Muebles para hospital en Aguascalientes. Soluciones funcionales y profesionales para espacios médicos y hospitalarios.",""
"https://ofitodo.com/muebles-para-industria/",pagina/post,200,"https://ofitodo.com/muebles-para-industria/","https://ofitodo.com/muebles-para-industria/","index, follow, max-image-preview:large, max-snippet:-1, max-video-preview:-1","Muebles para Industria | Ofitodo","Muebles para industria en Aguascalientes. Soluciones funcionales y resistentes para espacios industriales y operativos.",""
"https://ofitodo.com/muebles-para-oficina/",pagina/post,200,"https://ofitodo.com/muebles-para-oficina/","https://ofitodo.com/muebles-para-oficina/","index, follow, max-image-preview:large, max-snippet:-1, max-video-preview:-1","Muebles para oficina | Ofitodo","Muebles para oficina en Aguascalientes. Ofitodo ofrece soluciones funcionales y profesionales para empresas y oficinas.",""
"https://ofitodo.com/muebles-para-restaurante/",pagina/post,200,"https://ofitodo.com/muebles-para-restaurante/","https://ofitodo.com/muebles-para-restaurante/","index, follow, max-image-preview:large, max-snippet:-1, max-video-preview:-1","Muebles para Restaurante | Ofitodo","",""
"https://ofitodo.com/nosotros/",pagina/post,200,"https://ofitodo.com/nosotros/","https://ofitodo.com/nosotros/","index, follow, max-image-preview:large, max-snippet:-1, max-video-preview:-1","Nosotros | Ofitodo","Ofitodo, especialistas en mobiliario para oficina en Aguascalientes. Calidad, diseño y soluciones funcionales para tu empresa.",""
"https://ofitodo.com/politica-de-privacidad/",pagina/post,200,"https://ofitodo.com/politica-de-privacidad/","https://ofitodo.com/politica-de-privacidad/","index, follow, max-image-preview:large, max-video-preview:-1, nosnippet","Politica de privacidad | Ofitodo","Ofitodo: Mobiliario para oficina, diseño y equipamiento. ¡Ofrecemos soluciones a gran número de mercados con diferentes líneas de negocio!","POLÍTICA DE PRIVACIDAD"
"https://ofitodo.com/politica-de-seguridad/",pagina/post,200,"https://ofitodo.com/politica-de-seguridad/","https://ofitodo.com/politica-de-seguridad/","index, follow, max-image-preview:large, max-video-preview:-1, nosnippet","Politica de seguridad | Ofitodo","Ofitodo: Mobiliario para oficina, diseño y equipamiento. ¡Ofrecemos soluciones a gran número de mercados con diferentes líneas de negocio!","POLÍTICA DE SEGURIDAD DE LA INFORMACIÓN"
"https://ofitodo.com/product-tag/archiveros/",etiqueta-producto,200,"https://ofitodo.com/product-tag/archiveros/","https://ofitodo.com/product-tag/archiveros/","index, follow, max-image-preview:large, max-snippet:-1, max-video-preview:-1","archiveros | Ofitodo","","ARCHIVEROS"
"https://ofitodo.com/product-tag/bajo-mesadas/",etiqueta-producto,200,"https://ofitodo.com/product-tag/bajo-mesadas/","https://ofitodo.com/product-tag/bajo-mesadas/","index, follow, max-image-preview:large, max-snippet:-1, max-video-preview:-1","bajo mesadas | Ofitodo","","BAJO MESADAS"
"https://ofitodo.com/product-tag/bancas-de-espera/",etiqueta-producto,200,"https://ofitodo.com/product-tag/bancas-de-espera/","https://ofitodo.com/product-tag/bancas-de-espera/","index, follow, max-image-preview:large, max-snippet:-1, max-video-preview:-1","bancas de espera | Ofitodo","","BANCAS DE ESPERA"
"https://ofitodo.com/product-tag/base-de-trineo/",etiqueta-producto,200,"https://ofitodo.com/product-tag/base-de-trineo/","https://ofitodo.com/product-tag/base-de-trineo/","index, follow, max-image-preview:large, max-snippet:-1, max-video-preview:-1","base de trineo | Ofitodo","","BASE DE TRINEO"
"https://ofitodo.com/product-tag/carritos-industriales/",etiqueta-producto,200,"https://ofitodo.com/product-tag/carritos-industriales/","https://ofitodo.com/product-tag/carritos-industriales/","index, follow, max-image-preview:large, max-snippet:-1, max-video-preview:-1","carritos industriales | Ofitodo","","CARRITOS INDUSTRIALES"
"https://ofitodo.com/product-tag/credenzas/",etiqueta-producto,200,"https://ofitodo.com/product-tag/credenzas/","https://ofitodo.com/product-tag/credenzas/","index, follow, max-image-preview:large, max-snippet:-1, max-video-preview:-1","credenzas | Ofitodo","","CREDENZAS"
"https://ofitodo.com/product-tag/escritorios-directivos/",etiqueta-producto,200,"https://ofitodo.com/product-tag/escritorios-directivos/","https://ofitodo.com/product-tag/escritorios-directivos/","index, follow, max-image-preview:large, max-snippet:-1, max-video-preview:-1","escritorios directivos | Ofitodo","","ESCRITORIOS DIRECTIVOS"
"https://ofitodo.com/product-tag/escritorios-ejecutivos/",etiqueta-producto,200,"https://ofitodo.com/product-tag/escritorios-ejecutivos/","https://ofitodo.com/product-tag/escritorios-ejecutivos/","index, follow, max-image-preview:large, max-snippet:-1, max-video-preview:-1","escritorios ejecutivos | Ofitodo","","ESCRITORIOS EJECUTIVOS"
"https://ofitodo.com/product-tag/escritorios-home-office/",etiqueta-producto,200,"https://ofitodo.com/product-tag/escritorios-home-office/","https://ofitodo.com/product-tag/escritorios-home-office/","index, follow, max-image-preview:large, max-snippet:-1, max-video-preview:-1","escritorios home office | Ofitodo","","ESCRITORIOS HOME OFFICE"
"https://ofitodo.com/product-tag/escritorios-operativos/",etiqueta-producto,200,"https://ofitodo.com/product-tag/escritorios-operativos/","https://ofitodo.com/product-tag/escritorios-operativos/","index, follow, max-image-preview:large, max-snippet:-1, max-video-preview:-1","escritorios operativos | Ofitodo","","ESCRITORIOS OPERATIVOS"
"https://ofitodo.com/product-tag/escritorios-secretariales/",etiqueta-producto,200,"https://ofitodo.com/product-tag/escritorios-secretariales/","https://ofitodo.com/product-tag/escritorios-secretariales/","index, follow, max-image-preview:large, max-snippet:-1, max-video-preview:-1","escritorios secretariales | Ofitodo","","ESCRITORIOS SECRETARIALES"
"https://ofitodo.com/product-tag/estaciones-de-trabajo/",etiqueta-producto,200,"https://ofitodo.com/product-tag/estaciones-de-trabajo/","https://ofitodo.com/product-tag/estaciones-de-trabajo/","index, follow, max-image-preview:large, max-snippet:-1, max-video-preview:-1","estaciones de trabajo | Ofitodo","","ESTACIONES DE TRABAJO"
"https://ofitodo.com/product-tag/exhibidores/",etiqueta-producto,200,"https://ofitodo.com/product-tag/exhibidores/","https://ofitodo.com/product-tag/exhibidores/","index, follow, max-image-preview:large, max-snippet:-1, max-video-preview:-1","Exhibidores | Ofitodo","","EXHIBIDORES"
"https://ofitodo.com/product-tag/gabinetes/",etiqueta-producto,200,"https://ofitodo.com/product-tag/gabinetes/","https://ofitodo.com/product-tag/gabinetes/","index, follow, max-image-preview:large, max-snippet:-1, max-video-preview:-1","gabinetes | Ofitodo","","GABINETES"
"https://ofitodo.com/product-tag/lavamanos/",etiqueta-producto,200,"https://ofitodo.com/product-tag/lavamanos/","https://ofitodo.com/product-tag/lavamanos/","index, follow, max-image-preview:large, max-snippet:-1, max-video-preview:-1","lavamanos | Ofitodo","","LAVAMANOS"
"https://ofitodo.com/product-tag/libreros/",etiqueta-producto,200,"https://ofitodo.com/product-tag/libreros/","https://ofitodo.com/product-tag/libreros/","index, follow, max-image-preview:large, max-snippet:-1, max-video-preview:-1","libreros | Ofitodo","","LIBREROS"
"https://ofitodo.com/product-tag/locker/",etiqueta-producto,200,"https://ofitodo.com/product-tag/locker/","https://ofitodo.com/product-tag/locker/","index, follow, max-image-preview:large, max-snippet:-1, max-video-preview:-1","locker | Ofitodo","","LOCKER"
"https://ofitodo.com/product-tag/mesas-de-juntas/",etiqueta-producto,200,"https://ofitodo.com/product-tag/mesas-de-juntas/","https://ofitodo.com/product-tag/mesas-de-juntas/","index, follow, max-image-preview:large, max-snippet:-1, max-video-preview:-1","mesas de juntas | Ofitodo","","MESAS DE JUNTAS"
"https://ofitodo.com/product-tag/mesas-de-trabajo-y-estaciones-industriales/",etiqueta-producto,200,"https://ofitodo.com/product-tag/mesas-de-trabajo-y-estaciones-industriales/","https://ofitodo.com/product-tag/mesas-de-trabajo-y-estaciones-industriales/","index, follow, max-image-preview:large, max-snippet:-1, max-video-preview:-1","mesas de trabajo y estaciones industriales | Ofitodo","","MESAS DE TRABAJO Y ESTACIONES INDUSTRIALES"
"https://ofitodo.com/product-tag/mesas-para-restaurantes-y-negocios/",etiqueta-producto,200,"https://ofitodo.com/product-tag/mesas-para-restaurantes-y-negocios/","https://ofitodo.com/product-tag/mesas-para-restaurantes-y-negocios/","index, follow, max-image-preview:large, max-snippet:-1, max-video-preview:-1","mesas para restaurantes y negocios | Ofitodo","","MESAS PARA RESTAURANTES Y NEGOCIOS"
"https://ofitodo.com/product-tag/mesas/",etiqueta-producto,200,"https://ofitodo.com/product-tag/mesas/","https://ofitodo.com/product-tag/mesas/","index, follow, max-image-preview:large, max-snippet:-1, max-video-preview:-1","mesas | Ofitodo","","MESAS"
"https://ofitodo.com/product-tag/mobiliario-comercial/",etiqueta-producto,200,"https://ofitodo.com/product-tag/mobiliario-comercial/","https://ofitodo.com/product-tag/mobiliario-comercial/","index, follow, max-image-preview:large, max-snippet:-1, max-video-preview:-1","mobiliario comercial | Ofitodo","","MOBILIARIO COMERCIAL"
"https://ofitodo.com/product-tag/mobiliario-escolar/",etiqueta-producto,200,"https://ofitodo.com/product-tag/mobiliario-escolar/","https://ofitodo.com/product-tag/mobiliario-escolar/","index, follow, max-image-preview:large, max-snippet:-1, max-video-preview:-1","mobiliario escolar | Ofitodo","","MOBILIARIO ESCOLAR"
"https://ofitodo.com/product-tag/mobiliario-para-consultorios-medicos/",etiqueta-producto,200,"https://ofitodo.com/product-tag/mobiliario-para-consultorios-medicos/","https://ofitodo.com/product-tag/mobiliario-para-consultorios-medicos/","index, follow, max-image-preview:large, max-snippet:-1, max-video-preview:-1","mobiliario para consultorios médicos | Ofitodo","","MOBILIARIO PARA CONSULTORIOS MÉDICOS"
"https://ofitodo.com/product-tag/mobiliario-para-consultorios-y-hospitales/",etiqueta-producto,200,"https://ofitodo.com/product-tag/mobiliario-para-consultorios-y-hospitales/","https://ofitodo.com/product-tag/mobiliario-para-consultorios-y-hospitales/","index, follow, max-image-preview:large, max-snippet:-1, max-video-preview:-1","Mobiliario para consultorios y hospitales | Ofitodo","","MOBILIARIO PARA CONSULTORIOS Y HOSPITALES"
"https://ofitodo.com/product-tag/muebles-de-guardado/",etiqueta-producto,200,"https://ofitodo.com/product-tag/muebles-de-guardado/","https://ofitodo.com/product-tag/muebles-de-guardado/","index, follow, max-image-preview:large, max-snippet:-1, max-video-preview:-1","muebles de guardado | Ofitodo","","MUEBLES DE GUARDADO"
"https://ofitodo.com/product-tag/paneles-acusticos/",etiqueta-producto,200,"https://ofitodo.com/product-tag/paneles-acusticos/","https://ofitodo.com/product-tag/paneles-acusticos/","index, follow, max-image-preview:large, max-snippet:-1, max-video-preview:-1","paneles acústicos | Ofitodo","","PANELES ACÚSTICOS"
"https://ofitodo.com/product-tag/pedestales/",etiqueta-producto,200,"https://ofitodo.com/product-tag/pedestales/","https://ofitodo.com/product-tag/pedestales/","index, follow, max-image-preview:large, max-snippet:-1, max-video-preview:-1","pedestales | Ofitodo","","PEDESTALES"
"https://ofitodo.com/product-tag/pizarrones/",etiqueta-producto,200,"https://ofitodo.com/product-tag/pizarrones/","https://ofitodo.com/product-tag/pizarrones/","index, follow, max-image-preview:large, max-snippet:-1, max-video-preview:-1","pizarrones | Ofitodo","","PIZARRONES"
"https://ofitodo.com/product-tag/pupitres-para-capacitacion/",etiqueta-producto,200,"https://ofitodo.com/product-tag/pupitres-para-capacitacion/","https://ofitodo.com/product-tag/pupitres-para-capacitacion/","index, follow, max-image-preview:large, max-snippet:-1, max-video-preview:-1","Pupitres para capacitación | Ofitodo","","PUPITRES PARA CAPACITACIÓN"
"https://ofitodo.com/product-tag/pupitres/",etiqueta-producto,200,"https://ofitodo.com/product-tag/pupitres/","https://ofitodo.com/product-tag/pupitres/","index, follow, max-image-preview:large, max-snippet:-1, max-video-preview:-1","Pupitres | Ofitodo","","PUPITRES"
"https://ofitodo.com/product-tag/racks-y-estanteria/",etiqueta-producto,200,"https://ofitodo.com/product-tag/racks-y-estanteria/","https://ofitodo.com/product-tag/racks-y-estanteria/","index, follow, max-image-preview:large, max-snippet:-1, max-video-preview:-1","racks y estantería | Ofitodo","","RACKS Y ESTANTERÍA"
"https://ofitodo.com/product-tag/recepcion/",etiqueta-producto,200,"https://ofitodo.com/product-tag/recepcion/","https://ofitodo.com/product-tag/recepcion/","index, follow, max-image-preview:large, max-snippet:-1, max-video-preview:-1","Recepción | Ofitodo","","RECEPCIÓN"
"https://ofitodo.com/product-tag/sala-de-espera/",etiqueta-producto,200,"https://ofitodo.com/product-tag/sala-de-espera/","https://ofitodo.com/product-tag/sala-de-espera/","index, follow, max-image-preview:large, max-snippet:-1, max-video-preview:-1","Sala de espera | Ofitodo","","SALA DE ESPERA"
"https://ofitodo.com/product-tag/silla-con-cabecera/",etiqueta-producto,200,"https://ofitodo.com/product-tag/silla-con-cabecera/","https://ofitodo.com/product-tag/silla-con-cabecera/","index, follow, max-image-preview:large, max-snippet:-1, max-video-preview:-1","silla con cabecera | Ofitodo","","SILLA CON CABECERA"
"https://ofitodo.com/product-tag/silla-de-oficina/",etiqueta-producto,200,"https://ofitodo.com/product-tag/silla-de-oficina/","https://ofitodo.com/product-tag/silla-de-oficina/","index, follow, max-image-preview:large, max-snippet:-1, max-video-preview:-1","silla de oficina | Ofitodo","","SILLA DE OFICINA"
"https://ofitodo.com/product-tag/silla-de-visita/",etiqueta-producto,200,"https://ofitodo.com/product-tag/silla-de-visita/","https://ofitodo.com/product-tag/silla-de-visita/","index, follow, max-image-preview:large, max-snippet:-1, max-video-preview:-1","silla de visita | Ofitodo","","SILLA DE VISITA"
"https://ofitodo.com/product-tag/silla-directiva/",etiqueta-producto,200,"https://ofitodo.com/product-tag/silla-directiva/","https://ofitodo.com/product-tag/silla-directiva/","index, follow, max-image-preview:large, max-snippet:-1, max-video-preview:-1","silla directiva | Ofitodo","","SILLA DIRECTIVA"
"https://ofitodo.com/product-tag/silla-ejecutiva/",etiqueta-producto,200,"https://ofitodo.com/product-tag/silla-ejecutiva/","https://ofitodo.com/product-tag/silla-ejecutiva/","index, follow, max-image-preview:large, max-snippet:-1, max-video-preview:-1","silla ejecutiva | Ofitodo","","SILLA EJECUTIVA"
"https://ofitodo.com/product-tag/silla-ergonomica/",etiqueta-producto,200,"https://ofitodo.com/product-tag/silla-ergonomica/","https://ofitodo.com/product-tag/silla-ergonomica/","index, follow, max-image-preview:large, max-snippet:-1, max-video-preview:-1","Silla ergonómica | Ofitodo","","SILLA ERGONÓMICA"
"https://ofitodo.com/product-tag/silla-multiusos/",etiqueta-producto,200,"https://ofitodo.com/product-tag/silla-multiusos/","https://ofitodo.com/product-tag/silla-multiusos/","index, follow, max-image-preview:large, max-snippet:-1, max-video-preview:-1","Silla multiusos | Ofitodo","","SILLA MULTIUSOS"
"https://ofitodo.com/product-tag/silla-operativa/",etiqueta-producto,200,"https://ofitodo.com/product-tag/silla-operativa/","https://ofitodo.com/product-tag/silla-operativa/","index, follow, max-image-preview:large, max-snippet:-1, max-video-preview:-1","Silla operativa | Ofitodo","","SILLA OPERATIVA"
"https://ofitodo.com/product-tag/silla-para-exteriores/",etiqueta-producto,200,"https://ofitodo.com/product-tag/silla-para-exteriores/","https://ofitodo.com/product-tag/silla-para-exteriores/","index, follow, max-image-preview:large, max-snippet:-1, max-video-preview:-1","Silla para exteriores | Ofitodo","","SILLA PARA EXTERIORES"
"https://ofitodo.com/product-tag/sillas-industriales/",etiqueta-producto,200,"https://ofitodo.com/product-tag/sillas-industriales/","https://ofitodo.com/product-tag/sillas-industriales/","index, follow, max-image-preview:large, max-snippet:-1, max-video-preview:-1","Sillas Industriales | Ofitodo","","SILLAS INDUSTRIALES"
"https://ofitodo.com/product-tag/sillas/",etiqueta-producto,200,"https://ofitodo.com/product-tag/sillas/","https://ofitodo.com/product-tag/sillas/","index, follow, max-image-preview:large, max-snippet:-1, max-video-preview:-1","Sillas | Ofitodo","","SILLAS"
"https://ofitodo.com/product-tag/sillones/",etiqueta-producto,200,"https://ofitodo.com/product-tag/sillones/","https://ofitodo.com/product-tag/sillones/","index, follow, max-image-preview:large, max-snippet:-1, max-video-preview:-1","Sillones | Ofitodo","","SILLONES"
"https://ofitodo.com/product-tag/travis-ohe-295/",etiqueta-producto,200,"https://ofitodo.com/product-tag/travis-ohe-295/","https://ofitodo.com/product-tag/travis-ohe-295/","index, follow, max-image-preview:large, max-snippet:-1, max-video-preview:-1","Travis Ohe-295 | Ofitodo","","TRAVIS OHE-295"
"https://ofitodo.com/producto/archivero-fijo-o-pedestal-serie-hl10000-ofitodo/",producto,200,"https://ofitodo.com/producto/archivero-fijo-o-pedestal-serie-hl10000-ofitodo/","https://ofitodo.com/producto/archivero-fijo-o-pedestal-serie-hl10000-ofitodo/","index, follow, max-image-preview:large, max-snippet:-1, max-video-preview:-1","ARCHIVERO FIJO O PEDESTAL SERIE HL10000 | Ofitodo","Este modelo tienen la capacidad de ser ensamblado con una mesa de trabajo gracias a los orificios que se encuentran en la cubierta superior, lo que permite que sirvan de soporte para una estación modular. ¡Ultra resistente y duradero!",""
"https://ofitodo.com/producto/archivero-metalico-de-linea-corta-de-56-cm/",producto,200,"https://ofitodo.com/producto/archivero-metalico-de-linea-corta-de-56-cm/","https://ofitodo.com/producto/archivero-metalico-de-linea-corta-de-56-cm/","index, follow, max-image-preview:large, max-snippet:-1, max-video-preview:-1","ARCHIVERO METÁLICO DE LINEA CORTA DE 56 CM | Ofitodo","Archivero que ofrece soluciones de almacenamiento de gran durabilidad ideal para lugares pequeños. Cuenta con 56cm de profundidad fabricado en acero de alta resistencia ¡Durabilidad y resistencia absoluta!",""
"https://ofitodo.com/producto/archivero-metalico-horizontal-ofitodo/",producto,200,"https://ofitodo.com/producto/archivero-metalico-horizontal-ofitodo/","https://ofitodo.com/producto/archivero-metalico-horizontal-ofitodo/","index, follow, max-image-preview:large, max-snippet:-1, max-video-preview:-1","ARCHIVERO METÁLICO HORIZONTAL | Ofitodo","Este modelo horizontal ofrece soluciones de almacenamiento de gran durabilidad ideal para lugares pequeños. ¡No pierdas la oportunidad de tener un archivero funcional y estilizado en tu espacio de trabajo!",""
"https://ofitodo.com/producto/archivero-metalico-ofitodo/",producto,200,"https://ofitodo.com/producto/archivero-metalico-ofitodo/","https://ofitodo.com/producto/archivero-metalico-ofitodo/","index, follow, max-image-preview:large, max-snippet:-1, max-video-preview:-1","ARCHIVERO METÁLICO SERIE HL10000 MÓVIL | Ofitodo","Archivero metálico ultra resistente y duradero, con una excelente capacidad de almacenaje para el resguardo de archivo ¡Elige el tuyo!",""
"https://ofitodo.com/producto/archivero-metalico-serie-hl10000-movil-ofitodo/",producto,200,"https://ofitodo.com/producto/archivero-metalico-serie-hl10000-movil-ofitodo/","https://ofitodo.com/producto/archivero-metalico-serie-hl10000-movil-ofitodo/","index, follow, max-image-preview:large, max-snippet:-1, max-video-preview:-1","ARCHIVERO METÁLICO SERIE HL10000 MÓVIL | Ofitodo","Cómodo archivero metálico ultra resistente, disponibles con cojín opcional para servir como asiento. ideal para espacios pequeños. Cuenta con cerradura general para mantener tu archivo y objetos de forma segura.",""
"https://ofitodo.com/producto/archivero-metalico-serie-hl10000/",producto,200,"https://ofitodo.com/producto/archivero-metalico-serie-hl10000/","https://ofitodo.com/producto/archivero-metalico-serie-hl10000/","index, follow, max-image-preview:large, max-snippet:-1, max-video-preview:-1","ARCHIVERO METÁLICO SERIE HL10000 | Ofitodo","Diseñados y construidos para el uso constante, hacen de la organización una tarea fácil, lo que los hace un gran producto para cubrir sus necesidades de archivo.",""
"https://ofitodo.com/producto/archivero-metalico-vertical-serie-3000/",producto,200,"https://ofitodo.com/producto/archivero-metalico-vertical-serie-3000/","https://ofitodo.com/producto/archivero-metalico-vertical-serie-3000/","index, follow, max-image-preview:large, max-snippet:-1, max-video-preview:-1","ARCHIVERO METÁLICO VERTICAL SERIE 3000 | Ofitodo","Con el archivero de 2 cajones podrás ordenar tus documentos y pertenencias. Esta elaborado en acero de alta resistencia, cuenta con chapa de seguridad y amplias gavetas para almacenar y proteger tus archivos de tamaño carta u oficio. ¡Ideal para ti!",""
"https://ofitodo.com/producto/archivero-metalico-vertical/",producto,200,"https://ofitodo.com/producto/archivero-metalico-vertical/","https://ofitodo.com/producto/archivero-metalico-vertical/","index, follow, max-image-preview:large, max-snippet:-1, max-video-preview:-1","ARCHIVERO METÁLICO VERTICAL | Ofitodo","Archivero metálico de alta calidad ultra resistente, cuenta con gavetas amplias y listas para aceptar folder colgantes, cerradura general para asegurar archivo y objetos personales.",""
"https://ofitodo.com/producto/archivero-movil-modelo-maia/",producto,200,"https://ofitodo.com/producto/archivero-movil-modelo-maia/","https://ofitodo.com/producto/archivero-movil-modelo-maia/","index, follow, max-image-preview:large, max-snippet:-1, max-video-preview:-1","ARCHIVERO MÓVIL MODELO MAIA | Ofitodo","Archivero fabricado en melamina, con 2 cajones papeleros y uno de archivo con correderas de extensión total. Fabricado con materiales ultra resistentes y de alta calidad ¡Elige el tuyo!",""
"https://ofitodo.com/producto/archivero-movil-modelo-polo/",producto,200,"https://ofitodo.com/producto/archivero-movil-modelo-polo/","https://ofitodo.com/producto/archivero-movil-modelo-polo/","index, follow, max-image-preview:large, max-snippet:-1, max-video-preview:-1","ARCHIVERO MÓVIL MODELO POLO | Ofitodo","Archivero fabricado en melamina, ideal para almacenar y organizar tus accesorios y documentos de oficina, asegurándote de tener todo lo que necesitas.",""
"https://ofitodo.com/producto/archivero-movil-o-pedestal-modelo-trevis/",producto,200,"https://ofitodo.com/producto/archivero-movil-o-pedestal-modelo-trevis/","https://ofitodo.com/producto/archivero-movil-o-pedestal-modelo-trevis/","index, follow, max-image-preview:large, max-snippet:-1, max-video-preview:-1","ARCHIVERO MÓVIL O PEDESTAL MODELO TREVIS | Ofitodo","Este archivero ofrece soluciones de almacenamiento de gran durabilidad ideal para lugares pequeños. Cuenta con 2 cajones papeleros y uno de archivo con correderas de extensión total. Perfecto para cualquier estación de trabajo.",""
"https://ofitodo.com/producto/archivero-oficio-vertical-serie-3000/",producto,200,"https://ofitodo.com/producto/archivero-oficio-vertical-serie-3000/","https://ofitodo.com/producto/archivero-oficio-vertical-serie-3000/","index, follow, max-image-preview:large, max-snippet:-1, max-video-preview:-1","ARCHIVERO OFICIO VERTICAL SERIE 3000 | Ofitodo","Este archivero metálico con 5 cajones tamaño oficio, conserva tus documentos organizados y cuidados. Cuenta con cajones altos para folders colgantes, chapa de seguridad y amplias gavetas para almacenar y proteger tus archivos de tamaño oficio. ¡Elige el tuyo!",""
"https://ofitodo.com/producto/archivero-vertical-modelo-panama/",producto,200,"https://ofitodo.com/producto/archivero-vertical-modelo-panama/","https://ofitodo.com/producto/archivero-vertical-modelo-panama/","index, follow, max-image-preview:large, max-snippet:-1, max-video-preview:-1","ARCHIVERO VERTICAL MODELO PANAMÁ | Ofitodo","Este archivero vertical es idóneo para un gran almacenaje de documentos, se adapta a todo tipo de espacios como: en oficinas, escuelas y casas. Su material es fácil de limpiar y muy resistente contra golpes y ralladuras.",""
"https://ofitodo.com/producto/archivero-vertical-movil-yaris-ofitodo/",producto,200,"https://ofitodo.com/producto/archivero-vertical-movil-yaris-ofitodo/","https://ofitodo.com/producto/archivero-vertical-movil-yaris-ofitodo/","index, follow, max-image-preview:large, max-snippet:-1, max-video-preview:-1","ARCHIVERO VERTICAL MÓVIL ESMERALDA | Ofitodo","Archivero para quienes buscan versatilidad y organización. Se puede utilizar en su entorno comercial y de oficina. Sus ruedas permiten un fácil movimiento de los muebles para el uso diario e incluso a la hora de limpiar tu espacio. ¡Elaborado con materiales de alta calidad!",""
"https://ofitodo.com/producto/archivero-vertical-yaris-ofitodo/",producto,200,"https://ofitodo.com/producto/archivero-vertical-yaris-ofitodo/","https://ofitodo.com/producto/archivero-vertical-yaris-ofitodo/","index, follow, max-image-preview:large, max-snippet:-1, max-video-preview:-1","ARCHIVERO VERTICAL MODELO YARIS | Ofitodo","Archivero Yaris reúne sofisticación y comodidad para hacer tu oficina aún más vibrante, fabricado en melamina de 15 mm de espesor y cantos de pvc de 1 mm de espesor. 4 cajones oficio, ¡Elige el tuyo!",""
"https://ofitodo.com/producto/bajo-mesada-para-consultorio/",producto,200,"https://ofitodo.com/producto/bajo-mesada-para-consultorio/","https://ofitodo.com/producto/bajo-mesada-para-consultorio/","index, follow, max-image-preview:large, max-snippet:-1, max-video-preview:-1","Bajo Mesada Para Consultorio | Ofitodo","Mueble bajo mesada con lavamanos en escuadra fabricada en melamina, ideal para consultorios médicos y hospitales. Proporciona almacenamiento seguro y accesible.",""
"https://ofitodo.com/producto/banca-de-espera-ibiza-aluminio-2p/",producto,200,"https://ofitodo.com/producto/banca-de-espera-ibiza-aluminio-2p/","https://ofitodo.com/producto/banca-de-espera-ibiza-aluminio-2p/","index, follow, max-image-preview:large, max-snippet:-1, max-video-preview:-1","BANCA DE ESPERA IBIZA ALUMINIO 2 PLAZAS | Ofitodo","Banca de espera, tipo aeropuerto modelo Ibiza de 2 a 4 plazas. Asiento fabricado en lámina de acero cold rolled con espesor de 2mm. Diseño anatómico.",""
"https://ofitodo.com/producto/banca-de-espera-modelo-kyos-ohr-365-3-plazas-en-malla-ofitodo/",producto,200,"https://ofitodo.com/producto/banca-de-espera-modelo-kyos-ohr-365-3-plazas-en-malla-ofitodo/","https://ofitodo.com/producto/banca-de-espera-modelo-kyos-ohr-365-3-plazas-en-malla-ofitodo/","index, follow, max-image-preview:large, max-snippet:-1, max-video-preview:-1","BANCA DE ESPERA MODELO KYOS OHR-365 3 PLAZAS EN MALLA | Ofitodo","Banca con estructura y patas de acero color negro mate. Respaldo en malla diseño ergonómico y asiento en hule espuma de poliuretano inyectado flexible.",""
"https://ofitodo.com/producto/banca-de-espera-y-recepcion-fiesole-cromada-2-plazas/",producto,200,"https://ofitodo.com/producto/banca-de-espera-y-recepcion-fiesole-cromada-2-plazas/","https://ofitodo.com/producto/banca-de-espera-y-recepcion-fiesole-cromada-2-plazas/","index, follow, max-image-preview:large, max-snippet:-1, max-video-preview:-1","BANCA DE ESPERA Y RECEPCIÓN FIESOLE CROMADA 2 PLAZAS | Ofitodo","Banca de espera, acabado con pintura epóxica electrostática horneada color gris. Patas y brazos fabricados en lámina troquelada con acabado cromado.",""
"https://ofitodo.com/producto/banca-kyos-ohr-310-3-plazas-malla/",producto,200,"https://ofitodo.com/producto/banca-kyos-ohr-310-3-plazas-malla/","https://ofitodo.com/producto/banca-kyos-ohr-310-3-plazas-malla/","index, follow, max-image-preview:large, max-snippet:-1, max-video-preview:-1","BANCA KYOS OHR 310- 3 PLAZAS MALLA | Ofitodo","Banca ideal para salas de espera, recepción, consultorios, escuela, instituciones, empresas, hospitales, etc. Asiento y respaldo en polipropileno de alta resistencia y duración.",""
"https://ofitodo.com/producto/banca-modelo-kyos-ohr-329-3p-cr-ofitodo/",producto,200,"https://ofitodo.com/producto/banca-modelo-kyos-ohr-329-3p-cr-ofitodo/","https://ofitodo.com/producto/banca-modelo-kyos-ohr-329-3p-cr-ofitodo/","index, follow, max-image-preview:large, max-snippet:-1, max-video-preview:-1","BANCA MODELO KYOS OHR 329- 3 PLAZAS CR | Ofitodo","Banca con estructura y patas de acero color negro mate. Respaldo y asiento en hule espuma de poliuretano inyectado flexible. Con diseño ergonómico.",""
"https://ofitodo.com/producto/banco-acojinable-modelo-magdiel/",producto,200,"https://ofitodo.com/producto/banco-acojinable-modelo-magdiel/","https://ofitodo.com/producto/banco-acojinable-modelo-magdiel/","index, follow, max-image-preview:large, max-snippet:-1, max-video-preview:-1","Banco acojinable magdiel | Ofitodo","Banco ajustable con asiento acojinable, base de nylon con antiderrapantes y sistema de balanceo libre. Ideal para espacios de trabajo.",""
"https://ofitodo.com/producto/banco-cool/",producto,200,"https://ofitodo.com/producto/banco-cool/","https://ofitodo.com/producto/banco-cool/","index, follow, max-image-preview:large, max-snippet:-1, max-video-preview:-1","Banco Cool ajustable | Ofitodo","Banco con asiento de Caucho con aro de polipropileno blanco para un toque moderno y elegante. Incluye 3 extensiones para un ajuste de altura personalizado.",""
"https://ofitodo.com/producto/banco-ergonomico-cajero-industrial/",producto,200,"https://ofitodo.com/producto/banco-ergonomico-cajero-industrial/","https://ofitodo.com/producto/banco-ergonomico-cajero-industrial/","index, follow, max-image-preview:large, max-snippet:-1, max-video-preview:-1","BANCO ERGONÓMICO CAJERO-INDUSTRIAL | Ofitodo","Banco industrial ergonómico color negro, para uso rudo sin dejar de lado la comodidad y la versatilidad para uso en espacios reducidos.",""
"https://ofitodo.com/producto/banco-modelo-row/",producto,200,"https://ofitodo.com/producto/banco-modelo-row/","https://ofitodo.com/producto/banco-modelo-row/","index, follow, max-image-preview:large, max-snippet:-1, max-video-preview:-1","Banco modelo Row | Ofitodo","Banco con estructura metálica cromada cold roll con concha de polipropileno de una sola pieza. Diseño moderno y resistente, ideal para espacios comerciales.",""
"https://ofitodo.com/producto/banco-redondo-cajero/",producto,200,"https://ofitodo.com/producto/banco-redondo-cajero/","https://ofitodo.com/producto/banco-redondo-cajero/","index, follow, max-image-preview:large, max-snippet:-1, max-video-preview:-1","Banco Redondo Cajero  | Ofitodo","Acojinado con poliuretano compacto suave de uso industrial con interior en madera de aglomerado. Plato taburete fijo con palanca para ajuste de altura.",""
"https://ofitodo.com/producto/banco-steel/",producto,200,"https://ofitodo.com/producto/banco-steel/","https://ofitodo.com/producto/banco-steel/","index, follow, max-image-preview:large, max-snippet:-1, max-video-preview:-1","Banco alto modelo Steel | Ofitodo","Elegante banco alto, con concha de polipropileno sobre una estructura metálica cromada Ideal para espacios modernos, bares y restaurantes.",""
"https://ofitodo.com/producto/brokers-ejemplo/",producto,200,"https://ofitodo.com/producto/brokers-ejemplo/","https://ofitodo.com/producto/brokers-ejemplo/","index, follow, max-image-preview:large, max-snippet:-1, max-video-preview:-1","BROKERS EJEMPLO | Ofitodo","",""
"https://ofitodo.com/producto/butaca-modelo-re-981/",producto,200,"https://ofitodo.com/producto/butaca-modelo-re-981/","https://ofitodo.com/producto/butaca-modelo-re-981/","index, follow, max-image-preview:large, max-snippet:-1, max-video-preview:-1","BUTACA MODELO RE-981 | Ofitodo","Butaca universitaria de lujo con asiento y respaldo en polipropileno inyectado de alta resistencia y diseño ergonómico para máximo soporte lumbar.",""
"https://ofitodo.com/producto/carrito-industrial-metalico/",producto,200,"https://ofitodo.com/producto/carrito-industrial-metalico/","https://ofitodo.com/producto/carrito-industrial-metalico/","index, follow, max-image-preview:large, max-snippet:-1, max-video-preview:-1","Carrito metálico | Ofitodo","Carrito metálico industrial, ideal para entornos exigentes. Diseñado para una movilidad eficiente de herramientas y materiales.",""
"https://ofitodo.com/producto/conjunto-de-escritorios-operativos-conic-modelo-of-coo1210-ofitodo/",producto,200,"https://ofitodo.com/producto/conjunto-de-escritorios-operativos-conic-modelo-of-coo1210-ofitodo/","https://ofitodo.com/producto/conjunto-de-escritorios-operativos-conic-modelo-of-coo1210-ofitodo/","index, follow, max-image-preview:large, max-snippet:-1, max-video-preview:-1","CONJUNTO OPERATIVO CONIC MODELO OF-COO1210 | Ofitodo","Conjunto de escritorios operativos Conic, aspecto moderno y credenza baja lateral con espacios para almacenamiento que fusionan el mejor diseño y calidad.",""
"https://ofitodo.com/producto/conjunto-ejecutivo-alpha-modelo-of-ealo1120/",producto,200,"https://ofitodo.com/producto/conjunto-ejecutivo-alpha-modelo-of-ealo1120/","https://ofitodo.com/producto/conjunto-ejecutivo-alpha-modelo-of-ealo1120/","index, follow, max-image-preview:large, max-snippet:-1, max-video-preview:-1","CONJUNTO EJECUTIVO ALPHA MODELO OF-EALO1120 | Ofitodo","Conjunto ejecutivo para dos personas, fabricado en melamina y credenza baja lateral con espacios para almacenamiento que fusionan el mejor diseño y calidad. ",""
"https://ofitodo.com/producto/credenza-con-cajones/",producto,200,"https://ofitodo.com/producto/credenza-con-cajones/","https://ofitodo.com/producto/credenza-con-cajones/","index, follow, max-image-preview:large, max-snippet:-1, max-video-preview:-1","Credenza con cajones | Ofitodo","Credenza de melamina con dos puertas abatibles, dos cajones amplios con correderas de extensión y jaladeras metálicas. Personalizable en color y medidas.",""
"https://ofitodo.com/producto/credenza-de-dos-puertas/",producto,200,"https://ofitodo.com/producto/credenza-de-dos-puertas/","https://ofitodo.com/producto/credenza-de-dos-puertas/","index, follow, max-image-preview:large, max-snippet:-1, max-video-preview:-1","Credenza de dos puertas | Ofitodo","Credenza de melamina con cantos de PVC, puertas corredizas con tiraderas metálicas y regatones niveladores. Personalizable en tamaño y color.",""
"https://ofitodo.com/producto/credenza-de-melamina-ofitodo-2/",producto,200,"https://ofitodo.com/producto/credenza-de-melamina-ofitodo-2/","https://ofitodo.com/producto/credenza-de-melamina-ofitodo-2/","index, follow, max-image-preview:large, max-snippet:-1, max-video-preview:-1","Credenza de dos puertas | Ofitodo","Descubre nuestra credenza de melamina ideal para tu oficina u hogar. Con espacio interior y 2 puertas abatibles con cerradura general.",""
"https://ofitodo.com/producto/credenza-de-melamina-ofitodo/",producto,200,"https://ofitodo.com/producto/credenza-de-melamina-ofitodo/","https://ofitodo.com/producto/credenza-de-melamina-ofitodo/","index, follow, max-image-preview:large, max-snippet:-1, max-video-preview:-1","Credenza de melamina | Ofitodo","Credenza fabricada en melamina con cantos de PVC, puertas laterales con cerradura y jaladeras metálicas. Inclye espacio central abierto con repisa.",""
"https://ofitodo.com/producto/credenza-dos-puertas/",producto,200,"https://ofitodo.com/producto/credenza-dos-puertas/","https://ofitodo.com/producto/credenza-dos-puertas/","index, follow, max-image-preview:large, max-snippet:-1, max-video-preview:-1","Credenza dos puertas | Ofitodo","Credenza en melamina con dos puertas abatibles con jaladeras metálicas y entrepaño interior. Disponible en colores personalizados. Ideal para tu espacio.",""
"https://ofitodo.com/producto/credenza-horizontal-caoba/",producto,200,"https://ofitodo.com/producto/credenza-horizontal-caoba/","https://ofitodo.com/producto/credenza-horizontal-caoba/","index, follow, max-image-preview:large, max-snippet:-1, max-video-preview:-1","Credenza horizontal | Ofitodo","Credenza horizontal modelo Caoba, ofrece almacenamiento eficiente con un toque de sofisticación ideal para tu oficina. ¡Almacenamiento cómodo a tu alcance!",""
"https://ofitodo.com/producto/credenza-melamina-ofitodo/",producto,200,"https://ofitodo.com/producto/credenza-melamina-ofitodo/","https://ofitodo.com/producto/credenza-melamina-ofitodo/","index, follow, max-image-preview:large, max-snippet:-1, max-video-preview:-1","Mueble auxiliar | Ofitodo","Credenza de melamina con cantos PVC, cuatro espacios abiertos y regatones niveladores. Personalizable en color y medidas. Ideal para organizar tu espacio.",""
"https://ofitodo.com/producto/credenza-modelo-boston/",producto,200,"https://ofitodo.com/producto/credenza-modelo-boston/","https://ofitodo.com/producto/credenza-modelo-boston/","index, follow, max-image-preview:large, max-snippet:-1, max-video-preview:-1","Credenza para oficina | Ofitodo","Añade calidez y sofisticación a tu oficina con nuestra credenza modelo Boston, construida para durar y diseñada para impresionar, fabricado en melamina.",""
"https://ofitodo.com/producto/credenza-modelo-isai/",producto,200,"https://ofitodo.com/producto/credenza-modelo-isai/","https://ofitodo.com/producto/credenza-modelo-isai/","index, follow, max-image-preview:large, max-snippet:-1, max-video-preview:-1","Credenza de oficina | Ofitodo","Credenza de oficina modelo Isaí, diseño minimalista de 8 nichos, perfecta para espacios modernos. ¡Organización sin esfuerzo con un toque de estilo!",""
"https://ofitodo.com/producto/credenza-modelo-jazmin/",producto,200,"https://ofitodo.com/producto/credenza-modelo-jazmin/","https://ofitodo.com/producto/credenza-modelo-jazmin/","index, follow, max-image-preview:large, max-snippet:-1, max-video-preview:-1","Credenza para oficina | Ofitodo","La credenza perfecta para tu oficina. Almacena documentos, y mantén organizado tu espacio de trabajo. Pieza con medidas estandarizadas o a tu medida.",""
"https://ofitodo.com/producto/credenza-modelo-marbella/",producto,200,"https://ofitodo.com/producto/credenza-modelo-marbella/","https://ofitodo.com/producto/credenza-modelo-marbella/","index, follow, max-image-preview:large, max-snippet:-1, max-video-preview:-1","Credenza modelo marbella | Ofitodo","Credenza fabricada en melamina perfecta para tu oficina, brinda elegancia y organización en tu espacio de trabajo. Nos adecuamos a tus necesidades.",""
"https://ofitodo.com/producto/credenza-modelo-paris/",producto,200,"https://ofitodo.com/producto/credenza-modelo-paris/","https://ofitodo.com/producto/credenza-modelo-paris/","index, follow, max-image-preview:large, max-snippet:-1, max-video-preview:-1","Credenza de oficina | Ofitodo","Credenza de oficina modelo parís que brinda amplio espacio de almacenamiento para organización y decoración, combinado el diseño moderno y elegante para tu oficina.",""
"https://ofitodo.com/producto/credenza-moderna-ofitodo/",producto,200,"https://ofitodo.com/producto/credenza-moderna-ofitodo/","https://ofitodo.com/producto/credenza-moderna-ofitodo/","index, follow, max-image-preview:large, max-snippet:-1, max-video-preview:-1","Credenza de melamina | Ofitodo","Credenza de melamina 2 espacios con puertas abatibles y rodajas resistentes. Personalizable en color y tamaño. Ideal para cualquier espacio.",""
"https://ofitodo.com/producto/cubiculos-para-call-center/",producto,200,"https://ofitodo.com/producto/cubiculos-para-call-center/","https://ofitodo.com/producto/cubiculos-para-call-center/","index, follow, max-image-preview:large, max-snippet:-1, max-video-preview:-1","CUBÍCULOS PARA CALL CENTER | Ofitodo","Cubículos para call center fabricados en melamina, con diseño funcional que optimiza al máximo el espacio de trabajo, aportando comodidad y confort.",""
"https://ofitodo.com/producto/escritorio-1-pedestal-120cm/",producto,200,"https://ofitodo.com/producto/escritorio-1-pedestal-120cm/","https://ofitodo.com/producto/escritorio-1-pedestal-120cm/","index, follow, max-image-preview:large, max-snippet:-1, max-video-preview:-1","ESCRITORIO 1 PEDESTAL 120CM | Ofitodo","Escritorio metálico o escolar ultra resistente con estilo sencillo y funcional de lámina, con gran capacidad de almacenaje y carga.",""
"https://ofitodo.com/producto/escritorio-con-cajones-ofitodo/",producto,200,"https://ofitodo.com/producto/escritorio-con-cajones-ofitodo/","https://ofitodo.com/producto/escritorio-con-cajones-ofitodo/","index, follow, max-image-preview:large, max-snippet:-1, max-video-preview:-1","Escritorio con cajones | Ofitodo","Escritorio de melamina con tres cajones amplios, correderas de extensión total y regatones niveladores. Personalizable en medidas y colores.",""
"https://ofitodo.com/producto/escritorio-directivo-altezza-modelo-of-eazd1136-ofitodo/",producto,200,"https://ofitodo.com/producto/escritorio-directivo-altezza-modelo-of-eazd1136-ofitodo/","https://ofitodo.com/producto/escritorio-directivo-altezza-modelo-of-eazd1136-ofitodo/","index, follow, max-image-preview:large, max-snippet:-1, max-video-preview:-1","ESCRITORIO DIRECTIVO ALTEZZA MODELO OF-EAZD1136 | Ofitodo","Escritorio en ""L"" directivo moderno con motor y regulador de altura. Con 3 niveles pregrabados y ajuste manual fabricado en melamina y estructura metálica.",""
"https://ofitodo.com/producto/escritorio-directivo-altezza-modelo-of-eazd1140/",producto,200,"https://ofitodo.com/producto/escritorio-directivo-altezza-modelo-of-eazd1140/","https://ofitodo.com/producto/escritorio-directivo-altezza-modelo-of-eazd1140/","index, follow, max-image-preview:large, max-snippet:-1, max-video-preview:-1","ESCRITORIO DIRECTIVO ALTEZZA MODELO OF-EAZD1140 | Ofitodo","Escritorio directivo, moderno, cómodo y ultra resistente fabricado en melamina y estructura metálica con credenza lateral con espacios para el resguardo de archivo.",""
"https://ofitodo.com/producto/escritorio-directivo-cubic-modelo-of-ecd1084-ofitodo/",producto,200,"https://ofitodo.com/producto/escritorio-directivo-cubic-modelo-of-ecd1084-ofitodo/","https://ofitodo.com/producto/escritorio-directivo-cubic-modelo-of-ecd1084-ofitodo/","index, follow, max-image-preview:large, max-snippet:-1, max-video-preview:-1","ESCRITORIO DIRECTIVO CUBIC MODELO OF-ECD1084 | Ofitodo","Escritorio directivo con cubierta en cristal templado tintex de 12 mm y estructura metálica en forma de cubo. Elegante por su color negro ¡Elige el tuyo!",""
"https://ofitodo.com/producto/escritorio-directivo-elegant-modelo-of-elgd1202-ofitodo/",producto,200,"https://ofitodo.com/producto/escritorio-directivo-elegant-modelo-of-elgd1202-ofitodo/","https://ofitodo.com/producto/escritorio-directivo-elegant-modelo-of-elgd1202-ofitodo/","index, follow, max-image-preview:large, max-snippet:-1, max-video-preview:-1","ESCRITORIO DIRECTIVO ELEGANT MODELO OF-ELGD1202 | Ofitodo","Escritorio directivo, Elegant fabricado en melamina con credenza baja lateral. Con credenza baja lateral, que cumple con los más altos estándares de calidad.",""
"https://ofitodo.com/producto/escritorio-directivo-elegant-modelo-of-elgd1204-ofitodo/",producto,200,"https://ofitodo.com/producto/escritorio-directivo-elegant-modelo-of-elgd1204-ofitodo/","https://ofitodo.com/producto/escritorio-directivo-elegant-modelo-of-elgd1204-ofitodo/","index, follow, max-image-preview:large, max-snippet:-1, max-video-preview:-1","ESCRITORIO DIRECTIVO ELEGANT MODELO OF-ELGD1204 | Ofitodo","Escritorio directivo elegant fabricado en melamina de 16 y 28 mm. Con credenza baja lateral, que cumple con los más altos estándares de calidad.",""
"https://ofitodo.com/producto/escritorio-directivo-elegant-modelo-of-elgd1207-ofitodo/",producto,200,"https://ofitodo.com/producto/escritorio-directivo-elegant-modelo-of-elgd1207-ofitodo/","https://ofitodo.com/producto/escritorio-directivo-elegant-modelo-of-elgd1207-ofitodo/","index, follow, max-image-preview:large, max-snippet:-1, max-video-preview:-1","ESCRITORIO DIRECTIVO ELEGANT MODELO OF-ELGD1207 | Ofitodo","Escritorio directivo, elegant fabricado en melamina y lateral con archivero en pedestal. Elige lo mejor y convierte tu espacio en un lugar práctico, elegante y cómodo.",""
"https://ofitodo.com/producto/escritorio-directivo-legna-modelo-of-eld1183/",producto,200,"https://ofitodo.com/producto/escritorio-directivo-legna-modelo-of-eld1183/","https://ofitodo.com/producto/escritorio-directivo-legna-modelo-of-eld1183/","index, follow, max-image-preview:large, max-snippet:-1, max-video-preview:-1","ESCRITORIO DIRECTIVO LEGNA MODELO OF-ELD1183 | Ofitodo","Escritorio Directivo en ""L"" fabricado en melamina, ultra resistente y duradero. Elige lo mejor y convierte tu espacio en un lugar práctico.",""
"https://ofitodo.com/producto/escritorio-directivo-modelo-arpa/",producto,200,"https://ofitodo.com/producto/escritorio-directivo-modelo-arpa/","https://ofitodo.com/producto/escritorio-directivo-modelo-arpa/","index, follow, max-image-preview:large, max-snippet:-1, max-video-preview:-1","Escritorio directivo modelo Arpa | Ofitodo","Escritorio directivo con diseño elegante, materiales de alta calidad y funcionalidad pensada para inspirar confianza.",""
"https://ofitodo.com/producto/escritorio-directivo-modelo-niayao-dd/",producto,200,"https://ofitodo.com/producto/escritorio-directivo-modelo-niayao-dd/","https://ofitodo.com/producto/escritorio-directivo-modelo-niayao-dd/","index, follow, max-image-preview:large, max-snippet:-1, max-video-preview:-1","Escritorio directivo moderno | Ofitodo","Escritorio directivo en melamina con credenza lateral, cajones amplios y opción de conectividad. Diseño elegante, funcional y de alta resistencia.",""
"https://ofitodo.com/producto/escritorio-directivo-modelo-niayao/",producto,200,"https://ofitodo.com/producto/escritorio-directivo-modelo-niayao/","https://ofitodo.com/producto/escritorio-directivo-modelo-niayao/","index, follow, max-image-preview:large, max-snippet:-1, max-video-preview:-1","Escritorio grande directivo | Ofitodo","Escritorio directivo de melamina con credenza lateral, cajones amplios y opción de conectividad. Diseño elegante, resistente y funcional para oficinas.",""
"https://ofitodo.com/producto/escritorio-diretivo-legna-modelo-of-eld1179/",producto,200,"https://ofitodo.com/producto/escritorio-diretivo-legna-modelo-of-eld1179/","https://ofitodo.com/producto/escritorio-diretivo-legna-modelo-of-eld1179/","index, follow, max-image-preview:large, max-snippet:-1, max-video-preview:-1","ESCRITORIO DIRETIVO LEGNA MODELO OF-ELD1179 | Ofitodo","Escritorio directivo, un diseño elegante y ultra resistente fabricado en melamina pasacables revestido metálico colocado en el lado derecho o izquierdo.",""
"https://ofitodo.com/producto/escritorio-ejecutivo-alpha-modelo-of-eale1108-ofitodo/",producto,200,"https://ofitodo.com/producto/escritorio-ejecutivo-alpha-modelo-of-eale1108-ofitodo/","https://ofitodo.com/producto/escritorio-ejecutivo-alpha-modelo-of-eale1108-ofitodo/","index, follow, max-image-preview:large, max-snippet:-1, max-video-preview:-1","ESCRITORIO EJECUTIVO ALPHA MODELO OF-EALE1108 | Ofitodo","Escritorio ejecutivo, fabricado en melamina y estructura metálica. Credenza lateral para el resguardo de archivo y objetos. Diseño moderno y elegante ¡ideal para ti!",""
"https://ofitodo.com/producto/escritorio-ejecutivo-alpha-modelo-of-eale1116/",producto,200,"https://ofitodo.com/producto/escritorio-ejecutivo-alpha-modelo-of-eale1116/","https://ofitodo.com/producto/escritorio-ejecutivo-alpha-modelo-of-eale1116/","index, follow, max-image-preview:large, max-snippet:-1, max-video-preview:-1","ESCRITORIO EJECUTIVO ALPHA MODELO OF-EALE1116 | Ofitodo","Escritorio ejecutivo, fabricado en melamina de 19-24 mm con cantos de PVC termofusionado. Estructura metálica con pintura epóxica horneada. ¡Elige el tuyo!",""
"https://ofitodo.com/producto/escritorio-ejecutivo-altezza-modelo-of-eaze1132-ofitodo/",producto,200,"https://ofitodo.com/producto/escritorio-ejecutivo-altezza-modelo-of-eaze1132-ofitodo/","https://ofitodo.com/producto/escritorio-ejecutivo-altezza-modelo-of-eaze1132-ofitodo/","index, follow, max-image-preview:large, max-snippet:-1, max-video-preview:-1","ESCRITORIO EJECUTIVO ALTEZZA MODELO OF-EAZE1132 | Ofitodo","Escritorio ejecutivo, fabricado en melamina y estructura metálica tipo patín con pintura epóxica horneada. con motor y regulador de altura.",""
"https://ofitodo.com/producto/escritorio-ejecutivo-chrome-modelo-of-choe216/",producto,200,"https://ofitodo.com/producto/escritorio-ejecutivo-chrome-modelo-of-choe216/","https://ofitodo.com/producto/escritorio-ejecutivo-chrome-modelo-of-choe216/","index, follow, max-image-preview:large, max-snippet:-1, max-video-preview:-1","ESCRITORIO EJECUTIVO CHROME MODELO OF-CHOE216 | Ofitodo","Escritorio ejecutivo Chrome, diseño ligero y moderno por su soporte estilizado en acabado cromado en patas y negro en la base.",""
"https://ofitodo.com/producto/escritorio-ejecutivo-chrome-modelo-of-choe217-ofitodo/",producto,200,"https://ofitodo.com/producto/escritorio-ejecutivo-chrome-modelo-of-choe217-ofitodo/","https://ofitodo.com/producto/escritorio-ejecutivo-chrome-modelo-of-choe217-ofitodo/","index, follow, max-image-preview:large, max-snippet:-1, max-video-preview:-1","ESCRITORIO EJECUTIVO CHROME MODELO OF-CHOE217 | Ofitodo","Escritorio ejecutivo Chrome, cubierta y credenza lateral baja en melamina, con estructura metálica que buscan modernidad manteniendo la elegancia visual.",""
"https://ofitodo.com/producto/escritorio-ejecutivo-conic-modelo-of-coe1213/",producto,200,"https://ofitodo.com/producto/escritorio-ejecutivo-conic-modelo-of-coe1213/","https://ofitodo.com/producto/escritorio-ejecutivo-conic-modelo-of-coe1213/","index, follow, max-image-preview:large, max-snippet:-1, max-video-preview:-1","ESCRITORIO EJECUTIVO CONIC MODELO OF-COE1213 | Ofitodo","Escritorio ejecutivo Conic, fabricado en melamina. Estructura metálica. Ultra resistente, elegante y moderno ¡Ideal para ti!",""
"https://ofitodo.com/producto/escritorio-ejecutivo-cristal-modelo-of-cre230/",producto,200,"https://ofitodo.com/producto/escritorio-ejecutivo-cristal-modelo-of-cre230/","https://ofitodo.com/producto/escritorio-ejecutivo-cristal-modelo-of-cre230/","index, follow, max-image-preview:large, max-snippet:-1, max-video-preview:-1","ESCRITORIO EJECUTIVO CRISTAL MODELO OF-CRE230 | Ofitodo","Escritorio ejecutivo con cubierta en cristal templado de 10 mm, estructura metálica y moderno. Diseñado pensando en la calidad, ¡El escritorio perfecto para ti!",""
"https://ofitodo.com/producto/escritorio-ejecutivo-legna-modelo-of-ele1163/",producto,200,"https://ofitodo.com/producto/escritorio-ejecutivo-legna-modelo-of-ele1163/","https://ofitodo.com/producto/escritorio-ejecutivo-legna-modelo-of-ele1163/","index, follow, max-image-preview:large, max-snippet:-1, max-video-preview:-1","ESCRITORIO EJECUTIVO LEGNA MODELO OF-ELE1163 | Ofitodo","Escritorio ejecutivo Legna fabricado en melamina y estructura en melamina con patas tipo panel con regatones niveladores. ¡Elige el tuyo!",""
"https://ofitodo.com/producto/escritorio-ejecutivo-modelo-of-ece1079-ofitodo/",producto,200,"https://ofitodo.com/producto/escritorio-ejecutivo-modelo-of-ece1079-ofitodo/","https://ofitodo.com/producto/escritorio-ejecutivo-modelo-of-ece1079-ofitodo/","index, follow, max-image-preview:large, max-snippet:-1, max-video-preview:-1","ESCRITORIO EJECUTIVO MODELO OF-ECE1079 | Ofitodo","Escritorio ejecutivo elegante, con credenza baja lateral y credenza posterior fabricado en melamina. Estructura: Metálica en forma de cubo.",""
"https://ofitodo.com/producto/escritorio-ejecutivo-modelo-slim/",producto,200,"https://ofitodo.com/producto/escritorio-ejecutivo-modelo-slim/","https://ofitodo.com/producto/escritorio-ejecutivo-modelo-slim/","index, follow, max-image-preview:large, max-snippet:-1, max-video-preview:-1","Escritorio blanco modelo slim | Ofitodo","Escritorio blanco en ""L"" de melamina con cajón lapicero y regatones niveladores. Ideal para oficinas, consultorios y home office.",""
"https://ofitodo.com/producto/escritorio-ejecutivo-panel-of-pae221-ofitodo/",producto,200,"https://ofitodo.com/producto/escritorio-ejecutivo-panel-of-pae221-ofitodo/","https://ofitodo.com/producto/escritorio-ejecutivo-panel-of-pae221-ofitodo/","index, follow, max-image-preview:large, max-snippet:-1, max-video-preview:-1","ESCRITORIO EJECUTIVO PANEL OF-PAE221 | Ofitodo","tipo herradura con cubiertas en melamina y estructura metálica, patas compuestas por columna con rejilla pasacables con sistema para ocultar el cableado.",""
"https://ofitodo.com/producto/escritorio-home-office-jade-ofitodo/",producto,200,"https://ofitodo.com/producto/escritorio-home-office-jade-ofitodo/","https://ofitodo.com/producto/escritorio-home-office-jade-ofitodo/","index, follow, max-image-preview:large, max-snippet:-1, max-video-preview:-1","ESCRITORIO HOME OFFICE MODELO JADE | Ofitodo","Este escritorio resulta ser totalmente eficaz, debido a su capacidad para ordenar todo lo que necesitas para tu home office o tus tareas universitarias o escolares. Sin perder el estilo moderno que Jade le brinda a cualquier espacio.",""
"https://ofitodo.com/producto/escritorio-home-office-modelo-blanca-ofitodo/",producto,200,"https://ofitodo.com/producto/escritorio-home-office-modelo-blanca-ofitodo/","https://ofitodo.com/producto/escritorio-home-office-modelo-blanca-ofitodo/","index, follow, max-image-preview:large, max-snippet:-1, max-video-preview:-1","ESCRITORIO HOME OFFICE MODELO BLANCA | Ofitodo","Escritorio en ""L"" fabricado en melamina de 15mm garantizándote una larga resistencia, encajando perfectamente en cualquier espacio ideal para home office.",""
"https://ofitodo.com/producto/escritorio-home-office-modelo-cocoa-ofitodo/",producto,200,"https://ofitodo.com/producto/escritorio-home-office-modelo-cocoa-ofitodo/","https://ofitodo.com/producto/escritorio-home-office-modelo-cocoa-ofitodo/","index, follow, max-image-preview:large, max-snippet:-1, max-video-preview:-1","ESCRITORIO HOME OFFICE MODELO COCOA | Ofitodo","Escritorio home office cocoa ideal para decorar un espacio del hogar para dedicarlo a tu profesión, estudios o hobbies, pero cuentas con poco espacio, resulta muy útil para sacar mayor provecho a espacios limitados. ",""
"https://ofitodo.com/producto/escritorio-home-office-modelo-corner-ofitodo/",producto,200,"https://ofitodo.com/producto/escritorio-home-office-modelo-corner-ofitodo/","https://ofitodo.com/producto/escritorio-home-office-modelo-corner-ofitodo/","index, follow, max-image-preview:large, max-snippet:-1, max-video-preview:-1","ESCRITORIO HOME OFFICE MODELO CORNER | Ofitodo","Escritorio home office modelo corner fabricado en melamina con diseño que proporciona organización a la hora de trabajar o estudiar.",""
"https://ofitodo.com/producto/escritorio-home-office-modelo-duke-ofitodo/",producto,200,"https://ofitodo.com/producto/escritorio-home-office-modelo-duke-ofitodo/","https://ofitodo.com/producto/escritorio-home-office-modelo-duke-ofitodo/","index, follow, max-image-preview:large, max-snippet:-1, max-video-preview:-1","ESCRITORIO HOME OFFICE MODELO DUKE | Ofitodo","Escritorio con diseño tipo industrial cómodo que posee un repisero en altura incorporado al mueble, para darte mayor espacio útil. ideal para home office.",""
"https://ofitodo.com/producto/escritorio-home-office-modelo-duna/",producto,200,"https://ofitodo.com/producto/escritorio-home-office-modelo-duna/","https://ofitodo.com/producto/escritorio-home-office-modelo-duna/","index, follow, max-image-preview:large, max-snippet:-1, max-video-preview:-1","ESCRITORIO HOME OFFICE MODELO DUNA | Ofitodo","Duna, es el escritorio perfecto para home office ya que por su diseño, ofrece comodidad en tu espacio de trabajo y estilo. ¡Elige el tuyo!.",""
"https://ofitodo.com/producto/escritorio-home-office-modelo-malta-ofitodo/",producto,200,"https://ofitodo.com/producto/escritorio-home-office-modelo-malta-ofitodo/","https://ofitodo.com/producto/escritorio-home-office-modelo-malta-ofitodo/","index, follow, max-image-preview:large, max-snippet:-1, max-video-preview:-1","ESCRITORIO HOME OFFICE MODELO MALTA | Ofitodo","Escritorio recto fabricado en melamina  con cajones  papeleros amplios, ideal para home office o áreas pequeñas de trabajo. ",""
"https://ofitodo.com/producto/escritorio-home-office-modelo-melis-ofitodo/",producto,200,"https://ofitodo.com/producto/escritorio-home-office-modelo-melis-ofitodo/","https://ofitodo.com/producto/escritorio-home-office-modelo-melis-ofitodo/","index, follow, max-image-preview:large, max-snippet:-1, max-video-preview:-1","ESCRITORIO HOME OFFICE MODELO MELIS | Ofitodo","Escritoriocon diseño geométrico que combina oficina y biblioteca. El diseño innovador combina estética y usabilidad al ofrecer un cómodo espacio de trabajo.",""
"https://ofitodo.com/producto/escritorio-home-office-modelo-mocani-ofitodo/",producto,200,"https://ofitodo.com/producto/escritorio-home-office-modelo-mocani-ofitodo/","https://ofitodo.com/producto/escritorio-home-office-modelo-mocani-ofitodo/","index, follow, max-image-preview:large, max-snippet:-1, max-video-preview:-1","ESCRITORIO HOME OFFICE MODELO MOCANI | Ofitodo","Mocani es versátil, elegante y compacto, siendo un gran complemento para cualquier tipo de ambiente, ya sea de estudio o de trabajo. Genial para que tengas más comodidad y practicidad en tu oficina en casa. Además, por supuesto, de añadir belleza y modernidad.",""
"https://ofitodo.com/producto/escritorio-home-office-modelo-nilo-ofitodo/",producto,200,"https://ofitodo.com/producto/escritorio-home-office-modelo-nilo-ofitodo/","https://ofitodo.com/producto/escritorio-home-office-modelo-nilo-ofitodo/","index, follow, max-image-preview:large, max-snippet:-1, max-video-preview:-1","ESCRITORIO HOME OFFICE MODELO NILO | Ofitodo","Escritorio Nilo fabricado en melamina, posee un diseño funcional que reúne practicidad y elegancia. Ideal para su home office perfecto para organizar y acomodar diversos materiales.",""
"https://ofitodo.com/producto/escritorio-home-office-modeo-facility-ofitodo/",producto,200,"https://ofitodo.com/producto/escritorio-home-office-modeo-facility-ofitodo/","https://ofitodo.com/producto/escritorio-home-office-modeo-facility-ofitodo/","index, follow, max-image-preview:large, max-snippet:-1, max-video-preview:-1","ESCRITORIO HOME OFFICE MODELO FACILITY | Ofitodo","Escritorio apto para espacios reducidos, cajón de gran ancho, ultra resistencia y durabilidad. Su multifuncionalidad permite trabajar de manera cómoda y práctica.",""
"https://ofitodo.com/producto/escritorio-home-office-orlando-ofitodo/",producto,200,"https://ofitodo.com/producto/escritorio-home-office-orlando-ofitodo/","https://ofitodo.com/producto/escritorio-home-office-orlando-ofitodo/","index, follow, max-image-preview:large, max-snippet:-1, max-video-preview:-1","ESCRITORIO HOME OFFICE ORLANDO | Ofitodo","Cómodo escritorio Orlando, posee una repisa en altura incorporado al mueble, para darte mayor espacio útil a la ubicación de tus objetos de oficina. Fabricado con materiales de alta calidad ultra resistentes ¡Elige el tuyo! ",""
"https://ofitodo.com/producto/escritorio-modular-ofitodo/",producto,200,"https://ofitodo.com/producto/escritorio-modular-ofitodo/","https://ofitodo.com/producto/escritorio-modular-ofitodo/","index, follow, max-image-preview:large, max-snippet:-1, max-video-preview:-1","Escritorio modular | Ofitodo","Descubre nuestro escritorio a medida con nichos para almacenamiento, diseño modular y faldón. Ideal para cualquier espacio con colores a elección.",""
"https://ofitodo.com/producto/escritorio-multiusos-ofitodo/",producto,200,"https://ofitodo.com/producto/escritorio-multiusos-ofitodo/","https://ofitodo.com/producto/escritorio-multiusos-ofitodo/","index, follow, max-image-preview:large, max-snippet:-1, max-video-preview:-1","Escritorio multiusos | Ofitodo","Escritorio de oficina de melamina con estructura metálica, cajones archiveros, credenza baja y nichos para archivo. Diseño funcional y personalizable en colores y medidas.",""
"https://ofitodo.com/producto/escritorio-operativo-alpha-modelo-of-ealo1096-ofitodo/",producto,200,"https://ofitodo.com/producto/escritorio-operativo-alpha-modelo-of-ealo1096-ofitodo/","https://ofitodo.com/producto/escritorio-operativo-alpha-modelo-of-ealo1096-ofitodo/","index, follow, max-image-preview:large, max-snippet:-1, max-video-preview:-1","ESCRITORIO OPERATIVO ALPHA MODELO OF-EALO1096 | Ofitodo","Escritorio operativo fabricado en melamina de 19-24 mm con cantos de PVC termofusionado. Diseño minimalista y moderno ¡Ideal para home office!",""
"https://ofitodo.com/producto/escritorio-operativo-alpha-modelo-of-ealo1104-ofitodo/",producto,200,"https://ofitodo.com/producto/escritorio-operativo-alpha-modelo-of-ealo1104-ofitodo/","https://ofitodo.com/producto/escritorio-operativo-alpha-modelo-of-ealo1104-ofitodo/","index, follow, max-image-preview:large, max-snippet:-1, max-video-preview:-1","ESCRITORIO OPERATIVO ALPHA MODELO OF-EALO1104 | Ofitodo","Escritorio operativo en melamina de 19-24 y estructura metálica con pintura epóxica horneada y regatones niveladores. Diseño minimalista y moderno.",""
"https://ofitodo.com/producto/escritorio-operativo-altezza-modelo-of-eazo1128/",producto,200,"https://ofitodo.com/producto/escritorio-operativo-altezza-modelo-of-eazo1128/","https://ofitodo.com/producto/escritorio-operativo-altezza-modelo-of-eazo1128/","index, follow, max-image-preview:large, max-snippet:-1, max-video-preview:-1","ESCRITORIO OPERATIVO ALTEZZA MODELO OF-EAZO1128 | Ofitodo","Escritorio ALTEZZA operativo con cubierta en melamina de 19-24 mm y estructura metálica tipo patín con pintura epóxica horneada. incluye mampara frontal.",""
"https://ofitodo.com/producto/escritorio-operativo-grap-modelo-of-ego1007/",producto,200,"https://ofitodo.com/producto/escritorio-operativo-grap-modelo-of-ego1007/","https://ofitodo.com/producto/escritorio-operativo-grap-modelo-of-ego1007/","index, follow, max-image-preview:large, max-snippet:-1, max-video-preview:-1","ESCRITORIO OPERATIVO GRAP MODELO OF-EGO1007 | Ofitodo","Escritorio operativo con mampara, fabricado en melamina y estructura metálica en forma de grapa con pintura epoxica horneada. Varias presentaciones.",""
"https://ofitodo.com/producto/escritorio-operativo-legna-modelo-of-elo1155/",producto,200,"https://ofitodo.com/producto/escritorio-operativo-legna-modelo-of-elo1155/","https://ofitodo.com/producto/escritorio-operativo-legna-modelo-of-elo1155/","index, follow, max-image-preview:large, max-snippet:-1, max-video-preview:-1","ESCRITORIO OPERATIVO LEGNA MODELO OF-ELO1155 | Ofitodo","Escritorio operativo el ""L"" fabricado en melamina, incluye 2 pasa cables plásticos redondos, y 1 mampara lateral de cristal. ¡Elige el tuyo!",""
"https://ofitodo.com/producto/escritorio-operativo-llamara-modelo-of-ello1195-ofitodo/",producto,200,"https://ofitodo.com/producto/escritorio-operativo-llamara-modelo-of-ello1195-ofitodo/","https://ofitodo.com/producto/escritorio-operativo-llamara-modelo-of-ello1195-ofitodo/","index, follow, max-image-preview:large, max-snippet:-1, max-video-preview:-1","ESCRITORIO OPERATIVO LLAMARA MODELO OF-ELLO1195 | Ofitodo","Escritorio operativo, cubierta en melamina y estructura metálica. Diseño moderno y ultra resistente elaborado con materiales de alta calidad. ¡Elige el tuyo!",""
"https://ofitodo.com/producto/escritorio-secretarial-1-pedestal-150-cm/",producto,200,"https://ofitodo.com/producto/escritorio-secretarial-1-pedestal-150-cm/","https://ofitodo.com/producto/escritorio-secretarial-1-pedestal-150-cm/","index, follow, max-image-preview:large, max-snippet:-1, max-video-preview:-1","ESCRITORIO 1 PEDESTAL 150 CM | Ofitodo","Escritorio metálico, secretarial o escolar ultra resistente con estilo sencillo y funcional de lámina, gran capacidad de almacenaje y carga.",""
"https://ofitodo.com/producto/escritorio-secretarial-cristal-modelo-of-cr226/",producto,200,"https://ofitodo.com/producto/escritorio-secretarial-cristal-modelo-of-cr226/","https://ofitodo.com/producto/escritorio-secretarial-cristal-modelo-of-cr226/","index, follow, max-image-preview:large, max-snippet:-1, max-video-preview:-1","Escritorio secretarial | Ofitodo","Escritorio secretarial con cubierta en cristal templado de 10 mm que encaja perfectamente en espacios modestos y que realza el estilo",""
"https://ofitodo.com/producto/escritorio-secretarial-cubic-modelo-of-ecs1054/",producto,200,"https://ofitodo.com/producto/escritorio-secretarial-cubic-modelo-of-ecs1054/","https://ofitodo.com/producto/escritorio-secretarial-cubic-modelo-of-ecs1054/","index, follow, max-image-preview:large, max-snippet:-1, max-video-preview:-1","ESCRITORIO SECRETARIAL CUBIC MODELO OF-ECS1054 | Ofitodo","Escritorio en ""L"", fabricado en melamina y estructura metálica. Diseño minimalista, moderno y amplio ¡Dale un toque interesante a tu espacio de trabajo!",""
"https://ofitodo.com/producto/escritorio-secretarial-cubic-ofitodo-2/",producto,200,"https://ofitodo.com/producto/escritorio-secretarial-cubic-ofitodo-2/","https://ofitodo.com/producto/escritorio-secretarial-cubic-ofitodo-2/","index, follow, max-image-preview:large, max-snippet:-1, max-video-preview:-1","ESCRITORIO SECRETARIAL CUBIC MODELO OF-ECS1066 | Ofitodo","Escritorio fabricado en melamina de 19-24 mm con faldón metálico multiperforado, elaborado con materiales ultra resistentes.",""
"https://ofitodo.com/producto/escritorio-secretarial-cubic-ofitodo/",producto,200,"https://ofitodo.com/producto/escritorio-secretarial-cubic-ofitodo/","https://ofitodo.com/producto/escritorio-secretarial-cubic-ofitodo/","index, follow, max-image-preview:large, max-snippet:-1, max-video-preview:-1","ESCRITORIO SECRETARIAL CUBIC MODELO OF-ECS1058 | Ofitodo","Escritorio secretarial fabricado en melamina, estructura metálica e incluye archivero en pedestal. Disponible en varias presentaciones de color y tamaño.",""
"https://ofitodo.com/producto/escritorio-secretarial-grap-modelo-of-egs/",producto,200,"https://ofitodo.com/producto/escritorio-secretarial-grap-modelo-of-egs/","https://ofitodo.com/producto/escritorio-secretarial-grap-modelo-of-egs/","index, follow, max-image-preview:large, max-snippet:-1, max-video-preview:-1","ESCRITORIO SECRETARIAL GRAP MODELO OF-EGS | Ofitodo","Escritorio secretarial, modelo Grap OF-EGS ideal para espacios minimalistas, diseño cómodo y moderno.",""
"https://ofitodo.com/producto/escritorio-secretarial-grap-modelo-of-egs1003/",producto,200,"https://ofitodo.com/producto/escritorio-secretarial-grap-modelo-of-egs1003/","https://ofitodo.com/producto/escritorio-secretarial-grap-modelo-of-egs1003/","index, follow, max-image-preview:large, max-snippet:-1, max-video-preview:-1","ESCRITORIO SECRETARIAL GRAP MODELO OF-EGS1003 | Ofitodo","Escritorio secretarial minimalista, fabricado en melamina con estructura metálica, ideal para espacios pequeños o home office.",""
"https://ofitodo.com/producto/escritorio-secretarial-legna-modelo-of-els1144/",producto,200,"https://ofitodo.com/producto/escritorio-secretarial-legna-modelo-of-els1144/","https://ofitodo.com/producto/escritorio-secretarial-legna-modelo-of-els1144/","index, follow, max-image-preview:large, max-snippet:-1, max-video-preview:-1","ESCRITORIO SECRETARIAL LEGNA MODELO OF-ELS1144 | Ofitodo","Escritorio secretarial, fabricado en melamina ultra resistente, incluye pasacables redondo de plástico, patas tipo panel . ¡Elige el tuyo!",""
"https://ofitodo.com/producto/escritorio-secretarial-legna-modelo-of-els1148-ofitodo/",producto,200,"https://ofitodo.com/producto/escritorio-secretarial-legna-modelo-of-els1148-ofitodo/","https://ofitodo.com/producto/escritorio-secretarial-legna-modelo-of-els1148-ofitodo/","index, follow, max-image-preview:large, max-snippet:-1, max-video-preview:-1","ESCRITORIO SECRETARIAL LEGNA MODELO OF-ELS1148 | Ofitodo","Escritorio secretarial Legna, fabricado en melamina, con cajoneras en pedestales. Elige lo mejor y convierte tu espacio en un lugar práctico.",""
"https://ofitodo.com/producto/escritorio-secretarial-llamara-modelo-of-ells1191/",producto,200,"https://ofitodo.com/producto/escritorio-secretarial-llamara-modelo-of-ells1191/","https://ofitodo.com/producto/escritorio-secretarial-llamara-modelo-of-ells1191/","index, follow, max-image-preview:large, max-snippet:-1, max-video-preview:-1","ESCRITORIO SECRETARIAL LLAMARA MODELO OF-ELLS1191 | Ofitodo","Escritorio secretarial, Llamara fabricado en melamina. Compacto con retorno derecho y estructura metálica en forma de ""L"". Elige lo mejor y convierte tu espacio en un lugar práctico.",""
"https://ofitodo.com/producto/escritorio-secretarial-panel-modelo-of-pas218-ofitodo/",producto,200,"https://ofitodo.com/producto/escritorio-secretarial-panel-modelo-of-pas218-ofitodo/","https://ofitodo.com/producto/escritorio-secretarial-panel-modelo-of-pas218-ofitodo/","index, follow, max-image-preview:large, max-snippet:-1, max-video-preview:-1","ESCRITORIO SECRETARIAL PANEL MODELO OF-PAS218 | Ofitodo","Escritorio secretarial con cubierta de melamina. Estructura metálica y patas compuestas por columna con rejilla pasacables. ¡Comodidad y funcionalidad absoluta!",""
"https://ofitodo.com/producto/escrotorio-directivo-modelo-niayao-d/",producto,200,"https://ofitodo.com/producto/escrotorio-directivo-modelo-niayao-d/","https://ofitodo.com/producto/escrotorio-directivo-modelo-niayao-d/","index, follow, max-image-preview:large, max-snippet:-1, max-video-preview:-1","Escritorio directivo grande | Ofitodo","Escritorio directivo en melamina con credenza lateral, cajones amplios y opción de conectividad. Diseño elegante, funcional y de alta resistencia.",""
"https://ofitodo.com/producto/estacion-de-trabajo-modelo-cruceta-alpha/",producto,200,"https://ofitodo.com/producto/estacion-de-trabajo-modelo-cruceta-alpha/","https://ofitodo.com/producto/estacion-de-trabajo-modelo-cruceta-alpha/","index, follow, max-image-preview:large, max-snippet:-1, max-video-preview:-1","ESTACIÓN DE TRABAJO MODELO CRUCETA ALPHA | Ofitodo","Estación de trabajo para 4 personas a la medida con cubiertas fabricadas en melamina y estructura metálica importada. Estilo moderno y funcional.",""
"https://ofitodo.com/producto/estacion-de-trabajo-ofitodo/",producto,200,"https://ofitodo.com/producto/estacion-de-trabajo-ofitodo/","https://ofitodo.com/producto/estacion-de-trabajo-ofitodo/","index, follow, max-image-preview:large, max-snippet:-1, max-video-preview:-1","ESTACIÓN DE TRABAJO TRICETA OFITODO | Ofitodo","Estación de trabajo para 3 personas con cubiertas en melamina y estructura metálica tipo panel para ocultar cableado y mamparas divisoras en melamina o tapizadas en tela. Diseño moderno y funcional.",""
"https://ofitodo.com/producto/estacion-de-trabajo-para-2-4-personas/",producto,200,"https://ofitodo.com/producto/estacion-de-trabajo-para-2-4-personas/","https://ofitodo.com/producto/estacion-de-trabajo-para-2-4-personas/","index, follow, max-image-preview:large, max-snippet:-1, max-video-preview:-1","ESTACIÓN DE TRABAJO PARA 2-4 PERSONAS | Ofitodo","Estación de trabajo para 2 a 4 personas fabricado en melamina y estructura metálica con pata en forma de cubo con mamparas divisorias para garantizar el equilibrio adecuado entre la privacidad y el uso compartido.",""
"https://ofitodo.com/producto/estacion-de-trabajo-para-4-personas/",producto,200,"https://ofitodo.com/producto/estacion-de-trabajo-para-4-personas/","https://ofitodo.com/producto/estacion-de-trabajo-para-4-personas/","index, follow, max-image-preview:large, max-snippet:-1, max-video-preview:-1","ESTACIÓN DE TRABAJO PARA 4 PERSONAS | Ofitodo","Estación de trabajo para 4 personas fabricado en melamina y mamparas divisorias, diseño y funcionalidad absoluta. Nos adecuamos a tus necesidades ¡Somos fabricantes!",""
"https://ofitodo.com/producto/exhibidor-esquinero-curvo/",producto,200,"https://ofitodo.com/producto/exhibidor-esquinero-curvo/","https://ofitodo.com/producto/exhibidor-esquinero-curvo/","index, follow, max-image-preview:large, max-snippet:-1, max-video-preview:-1","Exhibidor curvo | Ofitodo","Exhibidor esquinero curvo, fabricado en melamina. Añade un toque de estilo moderno a tu comercio y optimiza tu presentación de productos.",""
"https://ofitodo.com/producto/exhibidor-esquinero-modelo-exh102/",producto,200,"https://ofitodo.com/producto/exhibidor-esquinero-modelo-exh102/","https://ofitodo.com/producto/exhibidor-esquinero-modelo-exh102/","index, follow, max-image-preview:large, max-snippet:-1, max-video-preview:-1","Exhibidor esquinero | Ofitodo","Exhibidor esquinero en melamina ideal para optimizar cada rincón de tu espacio comercial con nuestro exhibidor esquinero de melamina con 3 estantes.",""
"https://ofitodo.com/producto/gabinete-metalico-of-lgli1001/",producto,200,"https://ofitodo.com/producto/gabinete-metalico-of-lgli1001/","https://ofitodo.com/producto/gabinete-metalico-of-lgli1001/","index, follow, max-image-preview:large, max-snippet:-1, max-video-preview:-1","GABINETE METÁLICO OF-LGLI1001 | Ofitodo","Gabinete para almacenar y monitorear por sus puertas perforadas en forma de diamante para visibilidad y una adecuada ventilación. Fabricados en acero calibre pesado. Con cerradura general y 3 entrepaños en su interior.",""
"https://ofitodo.com/producto/gabinete-metalico-universal-modelo-lg1008/",producto,200,"https://ofitodo.com/producto/gabinete-metalico-universal-modelo-lg1008/","https://ofitodo.com/producto/gabinete-metalico-universal-modelo-lg1008/","index, follow, max-image-preview:large, max-snippet:-1, max-video-preview:-1","Gabinete metálico universal | Ofitodo","Organiza y protege tus pertenencias con este gabinete metálico. 4 entrepaños, cerradura con candado y diseño resistente. Ideal para oficinas y talleres.",""
"https://ofitodo.com/producto/gabinete-metalico-universal/",producto,200,"https://ofitodo.com/producto/gabinete-metalico-universal/","https://ofitodo.com/producto/gabinete-metalico-universal/","index, follow, max-image-preview:large, max-snippet:-1, max-video-preview:-1","Gabinete metálico | Ofitodo","Gabinete metálico versátil y resistente. 4 repisas y puertas abatibles con vidrio. Diseño seguro y duradero con 2 puertas, chapa y candado.",""
"https://ofitodo.com/producto/gabinete-para-productos-de-limpieza/",producto,200,"https://ofitodo.com/producto/gabinete-para-productos-de-limpieza/","https://ofitodo.com/producto/gabinete-para-productos-de-limpieza/","index, follow, max-image-preview:large, max-snippet:-1, max-video-preview:-1","GABINETE PARA PRODUCTOS DE LIMPIEZA | Ofitodo","Gabinete para almacenar productos de limpieza con espacio de 2 entrepaños en su interior, 2 puertas y espacio para guardar escobas y trapeadores, un cajón largo en la parte inferior para el almacenaje de productos. Con jaladeras metálicas y regatones niveladores.",""
"https://ofitodo.com/producto/kyos-ohr-347-3p-combinado-ofitodo/",producto,200,"https://ofitodo.com/producto/kyos-ohr-347-3p-combinado-ofitodo/","https://ofitodo.com/producto/kyos-ohr-347-3p-combinado-ofitodo/","index, follow, max-image-preview:large, max-snippet:-1, max-video-preview:-1","BANCA KYOS OHR 347- 3 PLAZAS COMBINADO | Ofitodo","Banca con diseño ergonómico, ideal para consultorios, sala de espera, escuela, instituciones, recepción, visita, empresas, hospitales, etc. ",""
"https://ofitodo.com/producto/librero-modelo-valencia/",producto,200,"https://ofitodo.com/producto/librero-modelo-valencia/","https://ofitodo.com/producto/librero-modelo-valencia/","index, follow, max-image-preview:large, max-snippet:-1, max-video-preview:-1","Librero para oficina | Ofitodo","Librero sobre credenza modelo Valencia fabricado en melamina ideal para tu oficina, brinda almacenamiento y eleva la estética de tu espacio.",""
"https://ofitodo.com/producto/librero-modelo-yaris/",producto,200,"https://ofitodo.com/producto/librero-modelo-yaris/","https://ofitodo.com/producto/librero-modelo-yaris/","index, follow, max-image-preview:large, max-snippet:-1, max-video-preview:-1","Librero | Ofitodo","Librero modelo Yaris fabricado en melamina, con 8 nichos con un diseño moderno que reúne sofisticación y comodidad para hacer su oficina aún más vibrante.",""
"https://ofitodo.com/producto/librero-sobre-credenza-modelo-danya/",producto,200,"https://ofitodo.com/producto/librero-sobre-credenza-modelo-danya/","https://ofitodo.com/producto/librero-sobre-credenza-modelo-danya/","index, follow, max-image-preview:large, max-snippet:-1, max-video-preview:-1","Librero sobre credenza | Ofitodo","Librero sobre credenza para oficina fabricado en melamina con 4 compartimentos y puertas de cristal, que combina diseño, funcionalidad y versatilidad.",""
"https://ofitodo.com/producto/locker-metalico-con-3-gavetas-modelo-lg1004/",producto,200,"https://ofitodo.com/producto/locker-metalico-con-3-gavetas-modelo-lg1004/","https://ofitodo.com/producto/locker-metalico-con-3-gavetas-modelo-lg1004/","index, follow, max-image-preview:large, max-snippet:-1, max-video-preview:-1","Locker metálico de 3 gavetas | Ofitodo","La solución perfecta para el almacenamiento seguro y ordenado. Locker metálico con tres gavetas amplias, ideales para mantener tus pertenencias organizadas.",""
"https://ofitodo.com/producto/locker-metalico-de-3-puertas-con-malla/",producto,200,"https://ofitodo.com/producto/locker-metalico-de-3-puertas-con-malla/","https://ofitodo.com/producto/locker-metalico-de-3-puertas-con-malla/","index, follow, max-image-preview:large, max-snippet:-1, max-video-preview:-1","Locker metálico de tres puertas | Ofitodo","Locker metálico de 3 puertas con malla, estiradera y portacandado. Es ideal para fabrica, para gimnasio, mueble de oficina, comercio, industria o escuelas.",""
"https://ofitodo.com/producto/locker-metalico-de-3-puertas-ofitodo/",producto,200,"https://ofitodo.com/producto/locker-metalico-de-3-puertas-ofitodo/","https://ofitodo.com/producto/locker-metalico-de-3-puertas-ofitodo/","index, follow, max-image-preview:large, max-snippet:-1, max-video-preview:-1","LOCKER METÁLICO DE 3 PUERTAS SUN | Ofitodo","Locker metálico de 3 puertas color Sun (Amarillo) colores de cuerpo y puertas a tu elección, puedes armar tu locker en la combinación de colores que mas te guste y mejor convenga a tu proyecto. Y respaldo contorneados que brindan comodidad y soporte. (Opción de 3,6,9 y 12 puertas)",""
"https://ofitodo.com/producto/locker-metalico-modelo-of-locmet22/",producto,200,"https://ofitodo.com/producto/locker-metalico-modelo-of-locmet22/","https://ofitodo.com/producto/locker-metalico-modelo-of-locmet22/","index, follow, max-image-preview:large, max-snippet:-1, max-video-preview:-1","Locker metálico | Ofitodo","Locker metálico de 4 puertas equipado con cerradura para que tus objetos valiosos permanezcan protegidos. Diseño moderno y acabado en pintura electrostática",""
"https://ofitodo.com/producto/locker-metalico-modelo-of-mgces102/",producto,200,"https://ofitodo.com/producto/locker-metalico-modelo-of-mgces102/","https://ofitodo.com/producto/locker-metalico-modelo-of-mgces102/","index, follow, max-image-preview:large, max-snippet:-1, max-video-preview:-1","Locker metálico de una puerta | Ofitodo","Locker metálico con puerta abatible, rejillas de ventilación y un entrepaño interior, es perfecto para escuelas y gimnasios.",""
"https://ofitodo.com/producto/locker-metalico-para-celulares/",producto,200,"https://ofitodo.com/producto/locker-metalico-para-celulares/","https://ofitodo.com/producto/locker-metalico-para-celulares/","index, follow, max-image-preview:large, max-snippet:-1, max-video-preview:-1","Locker metálico de una puerta | Ofitodo","Locker metálico para celulares u objetos pequeños personales diseñado especialmente para empresas industriales. ¡Tu solución en almacenamiento seguro!",""
"https://ofitodo.com/producto/mesa-alta-modelo-oulu/",producto,200,"https://ofitodo.com/producto/mesa-alta-modelo-oulu/","https://ofitodo.com/producto/mesa-alta-modelo-oulu/","index, follow, max-image-preview:large, max-snippet:-1, max-video-preview:-1","Mesa alta cuadrada | Ofitodo","Mesa con cubierta de polipropileno y pintura epóxica electrostática. Base redonda de acero, disponible en colores blanco y negro. Variedad de alturas para adaptarse a tus necesidades.",""
"https://ofitodo.com/producto/mesa-alta-redonda-modelo-ohm-7168b-bt/",producto,200,"https://ofitodo.com/producto/mesa-alta-redonda-modelo-ohm-7168b-bt/","https://ofitodo.com/producto/mesa-alta-redonda-modelo-ohm-7168b-bt/","index, follow, max-image-preview:large, max-snippet:-1, max-video-preview:-1","Mesa redonda | Ofitodo","Mesa redonda alta con cubierta en polipropileno de alta resistencia y duración. Color blanco o blanco con negro. Ideal para restaurantes, bares o negocios.",""
"https://ofitodo.com/producto/mesa-baja-cuadrada-8080/",producto,200,"https://ofitodo.com/producto/mesa-baja-cuadrada-8080/","https://ofitodo.com/producto/mesa-baja-cuadrada-8080/","index, follow, max-image-preview:large, max-snippet:-1, max-video-preview:-1","Mesa cuadrada de restaurante | Ofitodo","Mesa baja cuadrada de restaurante que fusiona diseño moderno con funcionalidad impecable y versatilidad.",""
"https://ofitodo.com/producto/mesa-baja-cuadrada-ofitodo/",producto,200,"https://ofitodo.com/producto/mesa-baja-cuadrada-ofitodo/","https://ofitodo.com/producto/mesa-baja-cuadrada-ofitodo/","index, follow, max-image-preview:large, max-snippet:-1, max-video-preview:-1","Mesa baja cuadrada | Ofitodo","Estructura de aluminio anodizado con cubierta de polipropileno ergonómico, ideal para interiores y exteriores. Resistente a rayos UV y ambiente salino, con acabado en imitación ratán. Disponible en blanco, gris, negro y café. Soporta hasta 60 kg.",""
"https://ofitodo.com/producto/mesa-baja-rectangular-ofitodo/",producto,200,"https://ofitodo.com/producto/mesa-baja-rectangular-ofitodo/","https://ofitodo.com/producto/mesa-baja-rectangular-ofitodo/","index, follow, max-image-preview:large, max-snippet:-1, max-video-preview:-1","Mesa rectangular | Ofitodo","Mesa con estructura de aluminio anodizado y cubierta de polipropileno, ideal para interior y exterior. Resistente a rayos UV y ambiente salino, con acabado imitación rattán. Colores disponibles: blanco, gris, negro, café. Resistencia máxima: 60 kg.",""
"https://ofitodo.com/producto/mesa-baja-redonda-6060/",producto,200,"https://ofitodo.com/producto/mesa-baja-redonda-6060/","https://ofitodo.com/producto/mesa-baja-redonda-6060/","index, follow, max-image-preview:large, max-snippet:-1, max-video-preview:-1","Mesa baja redonda | Ofitodo","Mesa redonda baja de aluminio, ideal para restaurantes y negocios. La mesa perfecta para reuniones intimas y acogedoras.",""
"https://ofitodo.com/producto/mesa-comedor-circular/",producto,200,"https://ofitodo.com/producto/mesa-comedor-circular/","https://ofitodo.com/producto/mesa-comedor-circular/","index, follow, max-image-preview:large, max-snippet:-1, max-video-preview:-1","Mesa comedor circular | Ofitodo","Mesa de comedor circular Frank de 80 cm con diseño moderno, estructura de madera y cubierta de plástico. Ideal para espacios pequeños y desayunadores.",""
"https://ofitodo.com/producto/mesa-cuadrada-mediana-ofitodo/",producto,200,"https://ofitodo.com/producto/mesa-cuadrada-mediana-ofitodo/","https://ofitodo.com/producto/mesa-cuadrada-mediana-ofitodo/","index, follow, max-image-preview:large, max-snippet:-1, max-video-preview:-1","Mesa cuadrada mediana | Ofitodo","Mesa de aluminio con estructura anodizada y cubierta de polipropileno, ideal para uso interior y exterior. Resistente a rayos UV y ambiente salino, con acabado imitación rattán. Disponible en blanco, gris, negro y café. Soporta hasta 60 kg.",""
"https://ofitodo.com/producto/mesa-cuadrada-multiusos-ofitodo/",producto,200,"https://ofitodo.com/producto/mesa-cuadrada-multiusos-ofitodo/","https://ofitodo.com/producto/mesa-cuadrada-multiusos-ofitodo/","index, follow, max-image-preview:large, max-snippet:-1, max-video-preview:-1","Mesa cuadrada multiusos | Ofitodo","Estructura de aluminio duradero con cubierta de polipropileno resistente al sol y la intemperie. Acabado estilo rattán. Colores: blanco, gris, negro, café. Soporta hasta 280 kg.",""
"https://ofitodo.com/producto/mesa-de-conferencias-modelo-quadrio/",producto,200,"https://ofitodo.com/producto/mesa-de-conferencias-modelo-quadrio/","https://ofitodo.com/producto/mesa-de-conferencias-modelo-quadrio/","index, follow, max-image-preview:large, max-snippet:-1, max-video-preview:-1","MESA DE CONFERENCIAS MODELO QUADRIO | Ofitodo","Elegante mesa de conferencias modelo Quadrio con capacidad de hasta 20 personas, cubierta en melamina extremadamente resistente a los arañazos, así como a la suciedad y al agua.",""
"https://ofitodo.com/producto/mesa-de-conferencias-modelo-triangel/",producto,200,"https://ofitodo.com/producto/mesa-de-conferencias-modelo-triangel/","https://ofitodo.com/producto/mesa-de-conferencias-modelo-triangel/","index, follow, max-image-preview:large, max-snippet:-1, max-video-preview:-1","MESA DE CONFERENCIAS MODELO TRIANGEL | Ofitodo","Mesa de conferencias modelo Triangel con diseño elegante y moderno que ofrece un espacio adecuado para conferencias o reuniones para 6 a 9 personas.",""
"https://ofitodo.com/producto/mesa-de-exterior-modelo-code/",producto,200,"https://ofitodo.com/producto/mesa-de-exterior-modelo-code/","https://ofitodo.com/producto/mesa-de-exterior-modelo-code/","index, follow, max-image-preview:large, max-snippet:-1, max-video-preview:-1","Mesa para exterior | Ofitodo","Mesa fabricada de polipropileno perfecta para cualquier área al aire libre, su diseño contemporáneo y durabilidad es ideal para disfrutar con comodidad.",""
"https://ofitodo.com/producto/mesa-de-juntas-en-u-con-mesas-seccionadas/",producto,200,"https://ofitodo.com/producto/mesa-de-juntas-en-u-con-mesas-seccionadas/","https://ofitodo.com/producto/mesa-de-juntas-en-u-con-mesas-seccionadas/","index, follow, max-image-preview:large, max-snippet:-1, max-video-preview:-1","MESA DE JUNTAS EN ""U"" CON MESAS SECCIONADAS | Ofitodo","Mesa de juntas en ""U"" con mesas seccionadas, con patas tipo patín con trabe pasacables bajo cubierta.",""
"https://ofitodo.com/producto/mesa-de-juntas-en-u-modelo-mjof-1014/",producto,200,"https://ofitodo.com/producto/mesa-de-juntas-en-u-modelo-mjof-1014/","https://ofitodo.com/producto/mesa-de-juntas-en-u-modelo-mjof-1014/","index, follow, max-image-preview:large, max-snippet:-1, max-video-preview:-1","MESA DE JUNTAS EN ""U"" MODELO MJOF-1014 | Ofitodo","Mesa de juntas en ""U"" fabricada en melamina de la más alta calidad, creada con materiales duraderos y una superficie hermosa con un resultado excepcional. La superficie es extremadamente resistente a los arañazos, así como a la suciedad y al agua.",""
"https://ofitodo.com/producto/mesa-de-juntas-modelo-jade/",producto,200,"https://ofitodo.com/producto/mesa-de-juntas-modelo-jade/","https://ofitodo.com/producto/mesa-de-juntas-modelo-jade/","index, follow, max-image-preview:large, max-snippet:-1, max-video-preview:-1","MESA DE JUNTAS MODELO JADE | Ofitodo","Mesa de juntas para 6 personas, posee un diseño sencillo pero elegante y moderno. ¡Dale un toque especial a tu espacio de reuniones! ",""
"https://ofitodo.com/producto/mesa-de-juntas-modelo-mjof-1004/",producto,200,"https://ofitodo.com/producto/mesa-de-juntas-modelo-mjof-1004/","https://ofitodo.com/producto/mesa-de-juntas-modelo-mjof-1004/","index, follow, max-image-preview:large, max-snippet:-1, max-video-preview:-1","MESA DE JUNTAS MODELO MJOF-1004 | Ofitodo","Mesa de juntas para 8 a 10 personas con forma de barco tiene una construcción sólida fabricada en melamina de 25 mm. Si desea que su sala de conferencias destaque, este es el producto perfecto de alta calidad para realzar el ambiente.",""
"https://ofitodo.com/producto/mesa-de-juntas-modelo-mjof-1006/",producto,200,"https://ofitodo.com/producto/mesa-de-juntas-modelo-mjof-1006/","https://ofitodo.com/producto/mesa-de-juntas-modelo-mjof-1006/","index, follow, max-image-preview:large, max-snippet:-1, max-video-preview:-1","MESA DE JUNTAS MODELO MJOF-1006 | Ofitodo","Mesa de juntas que proporciona una imagen vanguardista, capaz  de superar cualquier expectativa estética, además de resultar funcional y práctico.",""
"https://ofitodo.com/producto/mesa-de-juntas-modelo-mjof-1007/",producto,200,"https://ofitodo.com/producto/mesa-de-juntas-modelo-mjof-1007/","https://ofitodo.com/producto/mesa-de-juntas-modelo-mjof-1007/","index, follow, max-image-preview:large, max-snippet:-1, max-video-preview:-1","MESA DE JUNTAS MODELO MJOF-1007 | Ofitodo","Mesa de juntas con forma de barco, ideal para salas de reuniones y oficinas pequeñas. Está fabricada en melamina. La parte superior y los extremos tienen un grosor de 25 mm. ",""
"https://ofitodo.com/producto/mesa-de-juntas-modelo-mjof-1008/",producto,200,"https://ofitodo.com/producto/mesa-de-juntas-modelo-mjof-1008/","https://ofitodo.com/producto/mesa-de-juntas-modelo-mjof-1008/","index, follow, max-image-preview:large, max-snippet:-1, max-video-preview:-1","MESA DE JUNTAS MODELO MJOF-1008 | Ofitodo","Elegante mesa de juntas fabricado en melamina de una sola pieza, con capacidad para 8 a 10 personas. ¡Dale un toque especial a tu sala de reuniones!  ",""
"https://ofitodo.com/producto/mesa-de-juntas-modelo-mjof-1009/",producto,200,"https://ofitodo.com/producto/mesa-de-juntas-modelo-mjof-1009/","https://ofitodo.com/producto/mesa-de-juntas-modelo-mjof-1009/","index, follow, max-image-preview:large, max-snippet:-1, max-video-preview:-1","MESA DE JUNTAS MODELO MJOF-1009 | Ofitodo","Mesa de juntas de melamina en una sola pieza, con diseño moderno ideal para espacios reducidos, luce elegante y vanguardista en tu espacio para reuniones. ",""
"https://ofitodo.com/producto/mesa-de-juntas-modelo-split/",producto,200,"https://ofitodo.com/producto/mesa-de-juntas-modelo-split/","https://ofitodo.com/producto/mesa-de-juntas-modelo-split/","index, follow, max-image-preview:large, max-snippet:-1, max-video-preview:-1","MESA DE JUNTAS MODELO SPLIT | Ofitodo","La mesa de juntas Split ofrece un diseño inteligente que maximiza la organización y la comodidad durante las reuniones. Ya sea para reuniones formales o colaboraciones creativas, esta mesa se adapta a tus necesidades.",""
"https://ofitodo.com/producto/mesa-de-juntas-rectangular-de-cristal/",producto,200,"https://ofitodo.com/producto/mesa-de-juntas-rectangular-de-cristal/","https://ofitodo.com/producto/mesa-de-juntas-rectangular-de-cristal/","index, follow, max-image-preview:large, max-snippet:-1, max-video-preview:-1","Mesa de juntas de cristal | Ofitodo","Elegante mesa de juntas de cristal templado con estructura metálica, le da a tu sala de juntas un toque moderno y elegante.",""
"https://ofitodo.com/producto/mesa-de-reuniones-modelo-asia/",producto,200,"https://ofitodo.com/producto/mesa-de-reuniones-modelo-asia/","https://ofitodo.com/producto/mesa-de-reuniones-modelo-asia/","index, follow, max-image-preview:large, max-snippet:-1, max-video-preview:-1","MESA DE REUNIONES MODELO ASIA | Ofitodo","Mesa de reuniones para 8 personas, fabricada en melamina de alta calidad, con diseño elegante, moderno y funcional que luce increíble en cualquier espacio.",""
"https://ofitodo.com/producto/mesa-de-trabajo-industrial-modelo-mti1003/",producto,200,"https://ofitodo.com/producto/mesa-de-trabajo-industrial-modelo-mti1003/","https://ofitodo.com/producto/mesa-de-trabajo-industrial-modelo-mti1003/","index, follow, max-image-preview:large, max-snippet:-1, max-video-preview:-1","Mesa de trabajo industrial | Ofitodo","Mesa de trabajo industrial resistente, fabricada en metal con sistema de conectividad. Dimensiones personalizadas o estándar disponibles.",""
"https://ofitodo.com/producto/mesa-modular-de-juntas-modelo-mjof-1000/",producto,200,"https://ofitodo.com/producto/mesa-modular-de-juntas-modelo-mjof-1000/","https://ofitodo.com/producto/mesa-modular-de-juntas-modelo-mjof-1000/","index, follow, max-image-preview:large, max-snippet:-1, max-video-preview:-1","MESA MODULAR DE JUNTAS MODELO MJOF-1000 | Ofitodo","Elegante mesa modular de juntas con capacidad de de 12 a 14 personas compuesta por seis mesas con cubierta fabricada en melamina de 24 mm y Travesaños fijos con sistemas de abatimiento.",""
"https://ofitodo.com/producto/mesa-modular-de-juntas-modelo-mjof-1001/",producto,200,"https://ofitodo.com/producto/mesa-modular-de-juntas-modelo-mjof-1001/","https://ofitodo.com/producto/mesa-modular-de-juntas-modelo-mjof-1001/","index, follow, max-image-preview:large, max-snippet:-1, max-video-preview:-1","MESA MODULAR DE JUNTAS MODELO MJOF-1001 | Ofitodo","Mesa de juntas modular con capacidad de 12 a 14 personas compuesta por seis mesas con cubierta fabricada en melamina y estructura con patas importadas tipo panel con compartimientos de cables.",""
"https://ofitodo.com/producto/mesa-para-restaurante-ofitodo/",producto,200,"https://ofitodo.com/producto/mesa-para-restaurante-ofitodo/","https://ofitodo.com/producto/mesa-para-restaurante-ofitodo/","index, follow, max-image-preview:large, max-snippet:-1, max-video-preview:-1","Mesa para restaurante | Ofitodo","Mesa fabricada en termoplástico polimerizado de polipropileno de baja densidad, ideal para interiores y exteriores. Resistente a rayos UV, ambiente salino, cambios bruscos de temperatura y corrosión de ácidos alcalinos. Inocua y sin retener aromas. Disponible en blanco. gris, gris oscuro y verde agave",""
"https://ofitodo.com/producto/mesa-redonda-alta-6060/",producto,200,"https://ofitodo.com/producto/mesa-redonda-alta-6060/","https://ofitodo.com/producto/mesa-redonda-alta-6060/","index, follow, max-image-preview:large, max-snippet:-1, max-video-preview:-1","Mesa redonda alta | Ofitodo","Mesa redonda alta de aluminio ideal para restaurantes y negocios, fabricada con materiales de alta calidad, que garantiza durabilidad y resistencia.",""
"https://ofitodo.com/producto/mesa-redonda-alta-modelo-ohm-7168b-dt/",producto,200,"https://ofitodo.com/producto/mesa-redonda-alta-modelo-ohm-7168b-dt/","https://ofitodo.com/producto/mesa-redonda-alta-modelo-ohm-7168b-dt/","index, follow, max-image-preview:large, max-snippet:-1, max-video-preview:-1","Mesa alta redonda blanca | Ofitodo","Mesa alta redonda de polipropileno y base en forma redonda con pedestal de acero. Alta resistencia y duración. Ideal para tu negocio o cualquier ocasión.",""
"https://ofitodo.com/producto/mesa-redonda-alta-modelo-ohm-7168b-lt/",producto,200,"https://ofitodo.com/producto/mesa-redonda-alta-modelo-ohm-7168b-lt/","https://ofitodo.com/producto/mesa-redonda-alta-modelo-ohm-7168b-lt/","index, follow, max-image-preview:large, max-snippet:-1, max-video-preview:-1","Mesa redonda | Ofitodo","Mesa redonda alta con cubierta de polipropileno con pedestal de acero, ideal para restaurantes y negocios. Fabricada con materiales resistentes y duraderos.",""
"https://ofitodo.com/producto/mesas-de-juntas-modelo-mjof-1002/",producto,200,"https://ofitodo.com/producto/mesas-de-juntas-modelo-mjof-1002/","https://ofitodo.com/producto/mesas-de-juntas-modelo-mjof-1002/","index, follow, max-image-preview:large, max-snippet:-1, max-video-preview:-1","MESAS DE JUNTAS MODELO MJOF-1002 | Ofitodo","Mesa de juntas ancha con capacidad de 6 a 8 personas. Diseño minimalista, cubierta en melamina y patas metálicas tipo grapa. ",""
"https://ofitodo.com/producto/modular-de-trabajo-para-call-center/",producto,200,"https://ofitodo.com/producto/modular-de-trabajo-para-call-center/","https://ofitodo.com/producto/modular-de-trabajo-para-call-center/","index, follow, max-image-preview:large, max-snippet:-1, max-video-preview:-1","MODULAR DE TRABAJO PARA CALL CENTER | Ofitodo","Modular para call center con diseño que optimiza del espacio de trabajo y permiten al usuario gestionar de forma eficaz y con comodidad en su puesto de trabajo.",""
"https://ofitodo.com/producto/modular-para-oficina/",producto,200,"https://ofitodo.com/producto/modular-para-oficina/","https://ofitodo.com/producto/modular-para-oficina/","index, follow, max-image-preview:large, max-snippet:-1, max-video-preview:-1","MODULAR PARA OFICINA | Ofitodo","Módulo para oficina fabricado en melamina con mamparas divisorias para garantizar el equilibrio adecuado entre la privacidad y el uso compartido. ¡A tu medida!",""
"https://ofitodo.com/producto/modulo-de-trabajo-para-4-personas-modelo-altezza/",producto,200,"https://ofitodo.com/producto/modulo-de-trabajo-para-4-personas-modelo-altezza/","https://ofitodo.com/producto/modulo-de-trabajo-para-4-personas-modelo-altezza/","index, follow, max-image-preview:large, max-snippet:-1, max-video-preview:-1","MÓDULO DE TRABAJO PARA 4 PERSONAS MODELO ALTEZZA | Ofitodo","Módulo de trabajo moderno para 4 personas, con motor y regulador de altura de 3 niveles pregrabados con paneles acrílicos transparentes.",""
"https://ofitodo.com/producto/modulo-de-trabajo-para-4-personas/",producto,200,"https://ofitodo.com/producto/modulo-de-trabajo-para-4-personas/","https://ofitodo.com/producto/modulo-de-trabajo-para-4-personas/","index, follow, max-image-preview:large, max-snippet:-1, max-video-preview:-1","MÓDULO DE TRABAJO PARA 4 PERSONAS | Ofitodo","Módulo de trabajo para 4 personas fabricado en melamina con archiveros en pedestales y mamparas divisorias de melamina o tapizadas en tela para garantizar el equilibrio adecuado entre la privacidad y el uso compartido.",""
"https://ofitodo.com/producto/mueble-de-recepcion/",producto,200,"https://ofitodo.com/producto/mueble-de-recepcion/","https://ofitodo.com/producto/mueble-de-recepcion/","index, follow, max-image-preview:large, max-snippet:-1, max-video-preview:-1","Mueble De Recepción | Ofitodo","Ofrece una recepción profesional y una apariencia moderna. Ideal para crear una primera impresión impactante en oficinas, consultorios y negocios.",""
"https://ofitodo.com/producto/mueble-exhibidor/",producto,200,"https://ofitodo.com/producto/mueble-exhibidor/","https://ofitodo.com/producto/mueble-exhibidor/","index, follow, max-image-preview:large, max-snippet:-1, max-video-preview:-1","Mueble exhibidor | Ofitodo","Mueble comercial exhibidor de productos fabricado en melamina con fondo ranurado para ganchos para panel, ¡Resistente, moderno y duradero! Fácil limpieza.",""
"https://ofitodo.com/producto/mueble-recepcion-modelo-chic/",producto,200,"https://ofitodo.com/producto/mueble-recepcion-modelo-chic/","https://ofitodo.com/producto/mueble-recepcion-modelo-chic/","index, follow, max-image-preview:large, max-snippet:-1, max-video-preview:-1","Mueble de recepción | Ofitodo","Mueble de recepción en melamina blanca con espacio para computador, ideal para negocio, oficina o consultorios. Personalizable y adaptable a medida.",""
"https://ofitodo.com/producto/mueble-recepcion-modelo-zenith/",producto,200,"https://ofitodo.com/producto/mueble-recepcion-modelo-zenith/","https://ofitodo.com/producto/mueble-recepcion-modelo-zenith/","index, follow, max-image-preview:large, max-snippet:-1, max-video-preview:-1","Mueble de recepción | Ofitodo","Ofrece un diseño sofisticado y práctico que realza cualquier espacio profesional. Ideal para oficinas, consultorios y negocios.",""
"https://ofitodo.com/producto/panel-tipo-lambrin/",producto,200,"https://ofitodo.com/producto/panel-tipo-lambrin/","https://ofitodo.com/producto/panel-tipo-lambrin/","index, follow, max-image-preview:large, max-snippet:-1, max-video-preview:-1","Panel acústico | Ofitodo","Panel acústico tipo lambrín que ayuda a reducir la reverberación y mejorar la claridad del sonido en el espacio, además de que brinda un estilo único.",""
"https://ofitodo.com/producto/paneles-acusticos-corte-celosia/",producto,200,"https://ofitodo.com/producto/paneles-acusticos-corte-celosia/","https://ofitodo.com/producto/paneles-acusticos-corte-celosia/","index, follow, max-image-preview:large, max-snippet:-1, max-video-preview:-1","Paneles acústicos | Ofitodo","Paneles acústicos hermosos que se pueden colgar de forma individual o en grupos también pueden ir pegados a pared, lucen increíble en cualquier espacio.",""
"https://ofitodo.com/producto/paneles-acusticos-ejemplo/",producto,200,"https://ofitodo.com/producto/paneles-acusticos-ejemplo/","https://ofitodo.com/producto/paneles-acusticos-ejemplo/","index, follow, max-image-preview:large, max-snippet:-1, max-video-preview:-1","Paneles acústicos | Ofitodo","Paneles acústicos con cortes de figuras que permiten la circulación del aire y la entrada de luz mientras mejoran la acústica del espacio.",""
"https://ofitodo.com/producto/paneles-acusticos-suspendidos/",producto,200,"https://ofitodo.com/producto/paneles-acusticos-suspendidos/","https://ofitodo.com/producto/paneles-acusticos-suspendidos/","index, follow, max-image-preview:large, max-snippet:-1, max-video-preview:-1","Paneles acústicos | Ofitodo","Gran variedad de paneles suspendidos de fibra 100% poliéster. Contiene un mínimo del 70% de material reciclado. Absorbe ruidos y reduce el eco.",""
"https://ofitodo.com/producto/pedestal-metalico-serie-hl10000/",producto,200,"https://ofitodo.com/producto/pedestal-metalico-serie-hl10000/","https://ofitodo.com/producto/pedestal-metalico-serie-hl10000/","index, follow, max-image-preview:large, max-snippet:-1, max-video-preview:-1","PEDESTAL METÁLICO SERIE HL10000 | Ofitodo","Es el complemento perfecto para mantener tus documentos organizados y al alcance de tu mano. Cuenta con orificios en la cubierta superior.",""
"https://ofitodo.com/producto/pintarrones-ejemplo/",producto,200,"https://ofitodo.com/producto/pintarrones-ejemplo/","https://ofitodo.com/producto/pintarrones-ejemplo/","index, follow, max-image-preview:large, max-snippet:-1, max-video-preview:-1","Pizarra giratoria | Ofitodo","Pizarra giratoria doble cara para tiza. Perfecta para escuelas y salas de capacitación, ofrece un espacio interactivo y dinámico para el aprendizaje.",""
"https://ofitodo.com/producto/pizarron-giratorio/",producto,200,"https://ofitodo.com/producto/pizarron-giratorio/","https://ofitodo.com/producto/pizarron-giratorio/","index, follow, max-image-preview:large, max-snippet:-1, max-video-preview:-1","Pizarrón giratorio | Ofitodo","Pizarrón giratorio con 4 ruedas. Ideal para escuelas y salas de capacitación, este pizarrón ofrece flexibilidad y practicidad en cada presentación.",""
"https://ofitodo.com/producto/pupitre-escolar-con-paleta-giratoria-360/",producto,200,"https://ofitodo.com/producto/pupitre-escolar-con-paleta-giratoria-360/","https://ofitodo.com/producto/pupitre-escolar-con-paleta-giratoria-360/","index, follow, max-image-preview:large, max-snippet:-1, max-video-preview:-1","Pupitre escolar con paleta giratoria | Ofitodo","Pupitre escolar, modelo 360, práctico y moderno, con paleta giratoria con canastilla y ruedas. Ideal para equipar aulas y espacios de capacitación.",""
"https://ofitodo.com/producto/pupitre-escolar-con-paleta-giratoria-think/",producto,200,"https://ofitodo.com/producto/pupitre-escolar-con-paleta-giratoria-think/","https://ofitodo.com/producto/pupitre-escolar-con-paleta-giratoria-think/","index, follow, max-image-preview:large, max-snippet:-1, max-video-preview:-1","Pupitre escolar con paleta giratoria | Ofitodo","Pupitre escolar, modelo think, práctico y moderno, con paleta giratoria con canastilla y ruedas. Ideal para equipar aulas y espacios de capacitación.",""
"https://ofitodo.com/producto/pupitre-kyos-361-ofitodo/",producto,200,"https://ofitodo.com/producto/pupitre-kyos-361-ofitodo/","https://ofitodo.com/producto/pupitre-kyos-361-ofitodo/","index, follow, max-image-preview:large, max-snippet:-1, max-video-preview:-1","PUPITRE MODELO KYOS OHP-361 CR | Ofitodo","Pupitre escolar o para capacitaciones con respaldo en polipropileno y asiento tapizado en tela, con paleta lateral abatible.",""
"https://ofitodo.com/producto/pupitre-kyos-ohp-341-ofitodo/",producto,200,"https://ofitodo.com/producto/pupitre-kyos-ohp-341-ofitodo/","https://ofitodo.com/producto/pupitre-kyos-ohp-341-ofitodo/","index, follow, max-image-preview:large, max-snippet:-1, max-video-preview:-1","PUPITRE KYOS OHP-341 | Ofitodo","Pupitre ergonómico, ideal para escuela o áreas de capacitación, con respaldo y asiento tapizado en tela, con paleta lateral abatible y estructura terminado en cromo.",""
"https://ofitodo.com/producto/pupitre-kyos-ohp-377-ofitodo/",producto,200,"https://ofitodo.com/producto/pupitre-kyos-ohp-377-ofitodo/","https://ofitodo.com/producto/pupitre-kyos-ohp-377-ofitodo/","index, follow, max-image-preview:large, max-snippet:-1, max-video-preview:-1","Pupitre ""Kyos"" Ergonómico | Ofitodo","Pupitre ergonómico, ideal para escuela o áreas de capacitación, con respaldo en malla y asiento en hule espuma de poliuretano inyectado flexible de alta resistencia y duración.",""
"https://ofitodo.com/producto/pupitre-modelo-kyos-ohp-323-ofitodo/",producto,200,"https://ofitodo.com/producto/pupitre-modelo-kyos-ohp-323-ofitodo/","https://ofitodo.com/producto/pupitre-modelo-kyos-ohp-323-ofitodo/","index, follow, max-image-preview:large, max-snippet:-1, max-video-preview:-1","PUPITRE MODELO KYOS OHP-323 | Ofitodo","Pupitre escolar o para capacitaciones con asiento Y respaldo en polipropileno con paleta lateral abatible",""
"https://ofitodo.com/producto/pupitre-modelo-rm-9026-ofitodo/",producto,200,"https://ofitodo.com/producto/pupitre-modelo-rm-9026-ofitodo/","https://ofitodo.com/producto/pupitre-modelo-rm-9026-ofitodo/","index, follow, max-image-preview:large, max-snippet:-1, max-video-preview:-1","PUPITRE MODELO RM-9026 | Ofitodo","Pupitre con estructura en polipropileno de alto impacto, diseño ergonómico y elegante que luce increíble. Ideal para sala de capacitaciones, instituciones y escuelas.",""
"https://ofitodo.com/producto/pupitre-re-722-ofitodo/",producto,200,"https://ofitodo.com/producto/pupitre-re-722-ofitodo/","https://ofitodo.com/producto/pupitre-re-722-ofitodo/","index, follow, max-image-preview:large, max-snippet:-1, max-video-preview:-1","PUPITRE GIRATORIO MODELO RE-722 | Ofitodo","Pupitre giratorio, asiento y respaldo en una sola pieza de polipropileno y fibra de vidrio con diseño ergonómico y moderno.",""
"https://ofitodo.com/producto/pupitre-revolution-ohp-85-ofitodo/",producto,200,"https://ofitodo.com/producto/pupitre-revolution-ohp-85-ofitodo/","https://ofitodo.com/producto/pupitre-revolution-ohp-85-ofitodo/","index, follow, max-image-preview:large, max-snippet:-1, max-video-preview:-1","Pupitre ""Revolution"" | Ofitodo","Pupitre con paleta lateral 86Al negro asiento tapizado y respaldo en malla ideal para instituciones, escuelas y salas de capacitación.",""
"https://ofitodo.com/producto/rack-para-tarimas-y-carga-pesada-inr1000/",producto,200,"https://ofitodo.com/producto/rack-para-tarimas-y-carga-pesada-inr1000/","https://ofitodo.com/producto/rack-para-tarimas-y-carga-pesada-inr1000/","index, follow, max-image-preview:large, max-snippet:-1, max-video-preview:-1","Rack metálico | Ofitodo","Rack metálico industrial para tarimas y carga Pesada. Optimiza el espacio en almacenes con entrepaños ajustables para una organización eficiente.",""
"https://ofitodo.com/producto/recepcion-de-melamina/",producto,200,"https://ofitodo.com/producto/recepcion-de-melamina/","https://ofitodo.com/producto/recepcion-de-melamina/","index, follow, max-image-preview:large, max-snippet:-1, max-video-preview:-1","Recepción de melamina | Ofitodo","Recepción minimalista, color blanco con adorno negro. Incluye repisa para computadora. Medidas y colores personalizados.",""
"https://ofitodo.com/producto/recepcion-elegante-modelo-jack/",producto,200,"https://ofitodo.com/producto/recepcion-elegante-modelo-jack/","https://ofitodo.com/producto/recepcion-elegante-modelo-jack/","index, follow, max-image-preview:large, max-snippet:-1, max-video-preview:-1","Recepción elegante Jack | Ofitodo","Recepción elegante modelo Jack. Esta recepción impresionará a tus visitantes desde el primer momento. ¡La bienvenida perfecta para tu empresa!",""
"https://ofitodo.com/producto/recepcion-en-l-modelo-angel/",producto,200,"https://ofitodo.com/producto/recepcion-en-l-modelo-angel/","https://ofitodo.com/producto/recepcion-en-l-modelo-angel/","index, follow, max-image-preview:large, max-snippet:-1, max-video-preview:-1","Recepción moderna | Ofitodo","Recepción moderna en ""L"" modelo Ángel. Gracias a su diseño vanguardista se integra perfectamente en cualquier espacio de oficina. ¡Somos fabricantes!",""
"https://ofitodo.com/producto/recepcion-modelo-elegance/",producto,200,"https://ofitodo.com/producto/recepcion-modelo-elegance/","https://ofitodo.com/producto/recepcion-modelo-elegance/","index, follow, max-image-preview:large, max-snippet:-1, max-video-preview:-1","Recepción modelo Elegance | Ofitodo","Recepción fabricada en melamina con acabados de alta calidad, bandeja para teclado, cajón con cerradura y espacio extra. ¡Colores y medidas a tu gusto!",""
"https://ofitodo.com/producto/recepcion-modelo-esencial/",producto,200,"https://ofitodo.com/producto/recepcion-modelo-esencial/","https://ofitodo.com/producto/recepcion-modelo-esencial/","index, follow, max-image-preview:large, max-snippet:-1, max-video-preview:-1","Mueble de recepción | Ofitodo","Recepción fabricada en melamina con detalles iluminados. Su diseño elegante y funcional es perfecto para oficinas, consultorios y comercios.",""
"https://ofitodo.com/producto/recepcion-modelo-vision/",producto,200,"https://ofitodo.com/producto/recepcion-modelo-vision/","https://ofitodo.com/producto/recepcion-modelo-vision/","index, follow, max-image-preview:large, max-snippet:-1, max-video-preview:-1","Recepción modelo vision | Ofitodo","Recepción moderna minimalista en melamina color blanca con diseño elegante, personalizable en colores y dimensiones estandarizadas o a medida.",""
"https://ofitodo.com/producto/recepcion-moderna-recta-jair/",producto,200,"https://ofitodo.com/producto/recepcion-moderna-recta-jair/","https://ofitodo.com/producto/recepcion-moderna-recta-jair/","index, follow, max-image-preview:large, max-snippet:-1, max-video-preview:-1","Recepción moderna Jair | Ofitodo","Recepción moderna recta Jair fabricado en melamina con cubierta de cristal templado ideal para crear una primera impresión excepcional en tu negocio.",""
"https://ofitodo.com/producto/recepcion-recta-modelo-blanca/",producto,200,"https://ofitodo.com/producto/recepcion-recta-modelo-blanca/","https://ofitodo.com/producto/recepcion-recta-modelo-blanca/","index, follow, max-image-preview:large, max-snippet:-1, max-video-preview:-1","Recepción moderna | Ofitodo","Recepción modelo Blanca con diseño minimalista y moderna en melamina, entrepaño para computador y archivero móvil. Con medidas estandarizadas o a tu medida.",""
"https://ofitodo.com/producto/revolution-ohv-87-al/",producto,200,"https://ofitodo.com/producto/revolution-ohv-87-al/","https://ofitodo.com/producto/revolution-ohv-87-al/","index, follow, max-image-preview:large, max-snippet:-1, max-video-preview:-1","Silla resistente multiusos | Ofitodo","Silla resistente con estructura de acero tubular cromado y asiento de polipropileno, con capacidad de hasta 160 kg, ideal para espacios universales.",""
"https://ofitodo.com/producto/rotafolio-giratorio/",producto,200,"https://ofitodo.com/producto/rotafolio-giratorio/","https://ofitodo.com/producto/rotafolio-giratorio/","index, follow, max-image-preview:large, max-snippet:-1, max-video-preview:-1","Rotafolio giratorio | Ofitodo","Rotafolio giratorio con marco de soporte metálico, es una herramienta esencial para escuelas y salas de capacitación para expresar ideas y conceptos.",""
"https://ofitodo.com/producto/rotafolio-telescopico/",producto,200,"https://ofitodo.com/producto/rotafolio-telescopico/","https://ofitodo.com/producto/rotafolio-telescopico/","index, follow, max-image-preview:large, max-snippet:-1, max-video-preview:-1","Rotafolio para escuela o capacitación | Ofitodo","Rotafolio diseñado para adaptarse a tu enseñanza. Perfecto para escuelas y salas de capacitación que buscan flexibilidad y eficacia en cada presentación.",""
"https://ofitodo.com/producto/silla-con-soporte-lumbar-2/",producto,200,"https://ofitodo.com/producto/silla-con-soporte-lumbar-2/","https://ofitodo.com/producto/silla-con-soporte-lumbar-2/","index, follow, max-image-preview:large, max-snippet:-1, max-video-preview:-1","Silla con soporte lumbar | Ofitodo","Silla ergonómica ejecutiva con respaldo de malla y soporte lumbar flotante, brazos 3D ajustables y asiento de alta densidad. Ideal para oficina, resiste hasta 130 Kg.",""
"https://ofitodo.com/producto/silla-con-soporte-lumbar/",producto,200,"https://ofitodo.com/producto/silla-con-soporte-lumbar/","https://ofitodo.com/producto/silla-con-soporte-lumbar/","index, follow, max-image-preview:large, max-snippet:-1, max-video-preview:-1","Silla Con Soporte Lumbar | Ofitodo","Silla ergonómica de oficina con base de acero cromado, respaldo alto en malla, soporte lumbar y asiento de espuma inyectada. Resiste hasta 130 KG.",""
"https://ofitodo.com/producto/silla-de-aluminio-baja/",producto,200,"https://ofitodo.com/producto/silla-de-aluminio-baja/","https://ofitodo.com/producto/silla-de-aluminio-baja/","index, follow, max-image-preview:large, max-snippet:-1, max-video-preview:-1","Silla de aluminio | Ofitodo","Silla de aluminio ideal para comedores y restaurantes. Ligera y resistente, ofrece la practicidad necesaria que se adapta a cualquier estilo de decoración.",""
"https://ofitodo.com/producto/silla-de-aluminio-modelo-toledo/",producto,200,"https://ofitodo.com/producto/silla-de-aluminio-modelo-toledo/","https://ofitodo.com/producto/silla-de-aluminio-modelo-toledo/","index, follow, max-image-preview:large, max-snippet:-1, max-video-preview:-1","Silla de aluminio | Ofitodo","Silla de aluminio ideal para restaurantes, diseño versátil y la durabilidad del aluminio aseguran un ambiente acogedor y de alta calidad para tus clientes.",""
"https://ofitodo.com/producto/silla-de-escritorio-ejecutiva-modelo-samos-color-negro/",producto,200,"https://ofitodo.com/producto/silla-de-escritorio-ejecutiva-modelo-samos-color-negro/","https://ofitodo.com/producto/silla-de-escritorio-ejecutiva-modelo-samos-color-negro/","index, follow, max-image-preview:large, max-snippet:-1, max-video-preview:-1","Silla para oficina operativa | Ofitodo","Silla para oficina operativa, modelo Samos bajo color negro. Ergonómica, con soporte lumbar, tapizada en malla con un diseño vanguardista, cómoda y elegante.",""
"https://ofitodo.com/producto/silla-de-escritorio-operativa-black-jack-color-blanco/",producto,200,"https://ofitodo.com/producto/silla-de-escritorio-operativa-black-jack-color-blanco/","https://ofitodo.com/producto/silla-de-escritorio-operativa-black-jack-color-blanco/","index, follow, max-image-preview:large, max-snippet:-1, max-video-preview:-1","Silla operativa de oficina black jack blanco | Ofitodo","Renueva tu oficina con la Silla Black Jack Blanco, una opción cómoda, moderna y funcional para espacios de trabajo productivos.",""
"https://ofitodo.com/producto/silla-de-exterior-modelo-pixel/",producto,200,"https://ofitodo.com/producto/silla-de-exterior-modelo-pixel/","https://ofitodo.com/producto/silla-de-exterior-modelo-pixel/","index, follow, max-image-preview:large, max-snippet:-1, max-video-preview:-1","Silla para exterior | Ofitodo","Descubre la perfecta combinación de durabilidad y estilo con nuestra silla de exterior fabricada en polipropileno de alta calidad.",""
"https://ofitodo.com/producto/silla-de-multiusos-para-comedor-creta/",producto,200,"https://ofitodo.com/producto/silla-de-multiusos-para-comedor-creta/","https://ofitodo.com/producto/silla-de-multiusos-para-comedor-creta/","index, follow, max-image-preview:large, max-snippet:-1, max-video-preview:-1","Silla de visita modelo Creta | Ofitodo","Equipa tus espacios con la Silla Creta , una opción práctica, ligera y apilable para comedores, aulas y áreas de capacitación.",""
"https://ofitodo.com/producto/silla-de-oficina-directiva-ergonomica-modelo-finisterre-gris/",producto,200,"https://ofitodo.com/producto/silla-de-oficina-directiva-ergonomica-modelo-finisterre-gris/","https://ofitodo.com/producto/silla-de-oficina-directiva-ergonomica-modelo-finisterre-gris/","index, follow, max-image-preview:large, max-snippet:-1, max-video-preview:-1","SILLA DIRECTIVA MODELO FINISTERRE GRIS | Ofitodo","Silla de oficina ergonómica directiva con cabecera y respaldo tapizado en malla con almohadilla lumbar ajustable. Elegante, comoda y ultra resistente.",""
"https://ofitodo.com/producto/silla-de-oficina-directiva-modelo-finisterre-negro-ofitodo/",producto,200,"https://ofitodo.com/producto/silla-de-oficina-directiva-modelo-finisterre-negro-ofitodo/","https://ofitodo.com/producto/silla-de-oficina-directiva-modelo-finisterre-negro-ofitodo/","index, follow, max-image-preview:large, max-snippet:-1, max-video-preview:-1","Silla de oficina color negro | Ofitodo","Silla de oficina modelo Finisterre color negro con cabecera, respaldo alto tapizado en malla y soporte lumbar ajustable. Disfruta de la comodidad y ergonomía.",""
"https://ofitodo.com/producto/silla-de-oficina-ejecutiva-modelo-berlin/",producto,200,"https://ofitodo.com/producto/silla-de-oficina-ejecutiva-modelo-berlin/","https://ofitodo.com/producto/silla-de-oficina-ejecutiva-modelo-berlin/","index, follow, max-image-preview:large, max-snippet:-1, max-video-preview:-1","Silla ejecutiva modelo berlin | Ofitodo","Renueva tu oficina con la Silla Berlin, una opción cómoda, moderna y funcional para espacios de trabajo productivos.",""
"https://ofitodo.com/producto/silla-de-oficina-modelo-athenas-ejecutivo/",producto,200,"https://ofitodo.com/producto/silla-de-oficina-modelo-athenas-ejecutivo/","https://ofitodo.com/producto/silla-de-oficina-modelo-athenas-ejecutivo/","index, follow, max-image-preview:large, max-snippet:-1, max-video-preview:-1","Silla ejecutiva modelo Athenas | Ofitodo","Silla operativa de escritorio modelo Athenas color negro o gris elegante, cómoda y resistente. Ideal para largas jornadas con soporte lumbar ajustable.",""
"https://ofitodo.com/producto/silla-de-oficina-modelo-winchester/",producto,200,"https://ofitodo.com/producto/silla-de-oficina-modelo-winchester/","https://ofitodo.com/producto/silla-de-oficina-modelo-winchester/","index, follow, max-image-preview:large, max-snippet:-1, max-video-preview:-1","Silla de oficina color negro | Ofitodo","Silla modelo Winchester para oficina. Diseñada para ofrecer comodidad y estilo, esta silla cuenta con un respaldo medio de malla ultra cómoda.",""
"https://ofitodo.com/producto/silla-de-visita-acero-modelo-kyos-ofitodo/",producto,200,"https://ofitodo.com/producto/silla-de-visita-acero-modelo-kyos-ofitodo/","https://ofitodo.com/producto/silla-de-visita-acero-modelo-kyos-ofitodo/","index, follow, max-image-preview:large, max-snippet:-1, max-video-preview:-1","SILLA KYOS OHV 347 COMBINADA | Ofitodo","Silla de visita con estructura de acero tubular de 7/8"" de diámetro calibre 14, con acabado en pintura electrostática color negro mate o gris.",""
"https://ofitodo.com/producto/silla-de-visita-comoda-para-oficina-modelo-map/",producto,200,"https://ofitodo.com/producto/silla-de-visita-comoda-para-oficina-modelo-map/","https://ofitodo.com/producto/silla-de-visita-comoda-para-oficina-modelo-map/","index, follow, max-image-preview:large, max-snippet:-1, max-video-preview:-1","Silla de visita modelo MAP | Ofitodo","Silla de visita modelo MAP, ideal para oficinas, recepción y salas de espera.",""
"https://ofitodo.com/producto/silla-de-visita-de-oficina-modelo-vanto-ohv-78/",producto,200,"https://ofitodo.com/producto/silla-de-visita-de-oficina-modelo-vanto-ohv-78/","https://ofitodo.com/producto/silla-de-visita-de-oficina-modelo-vanto-ohv-78/","index, follow, max-image-preview:large, max-snippet:-1, max-video-preview:-1","Silla de visita modelo vanto | Ofitodo","Silla de visita modelo vanto ideal para oficinas, consultorios y salas de espera.",""
"https://ofitodo.com/producto/silla-de-visita-de-oficina/",producto,200,"https://ofitodo.com/producto/silla-de-visita-de-oficina/","https://ofitodo.com/producto/silla-de-visita-de-oficina/","index, follow, max-image-preview:large, max-snippet:-1, max-video-preview:-1","Silla de visita para oficina | Ofitodo","Equipa tus espacios con la Silla de visita Cerdeña , una opción moderna, práctica y funcional para recepción, salas de espera y áreas colaborativas.",""
"https://ofitodo.com/producto/silla-de-visita-modelo-a-135-crl/",producto,200,"https://ofitodo.com/producto/silla-de-visita-modelo-a-135-crl/","https://ofitodo.com/producto/silla-de-visita-modelo-a-135-crl/","index, follow, max-image-preview:large, max-snippet:-1, max-video-preview:-1","Silla de visita | Ofitodo","Silla de visita, ideal para oficinas, consultorios y salas de espera.",""
"https://ofitodo.com/producto/silla-de-visita-modelo-alufsen-ohv-408-ofitodo/",producto,200,"https://ofitodo.com/producto/silla-de-visita-modelo-alufsen-ohv-408-ofitodo/","https://ofitodo.com/producto/silla-de-visita-modelo-alufsen-ohv-408-ofitodo/","index, follow, max-image-preview:large, max-snippet:-1, max-video-preview:-1","Silla de visita modelo Alufsen | Ofitodo","Silla ideal para visitantes con asiento y respaldo alto con cabecera, tapizados en soft revolving leather en elegante color chocolate o negro.",""
"https://ofitodo.com/producto/silla-de-visita-modelo-black-jack-color-negro/",producto,200,"https://ofitodo.com/producto/silla-de-visita-modelo-black-jack-color-negro/","https://ofitodo.com/producto/silla-de-visita-modelo-black-jack-color-negro/","index, follow, max-image-preview:large, max-snippet:-1, max-video-preview:-1","Silla de visita modelo black jack | Ofitodo","silla de visita con diseño ergonómico, elaborada con materiales altamente resistentes y de alta calidad, modelo Black Jack.",""
"https://ofitodo.com/producto/silla-de-visita-modelo-bond/",producto,200,"https://ofitodo.com/producto/silla-de-visita-modelo-bond/","https://ofitodo.com/producto/silla-de-visita-modelo-bond/","index, follow, max-image-preview:large, max-snippet:-1, max-video-preview:-1","SILLA DE VISITA MODELO BOND | Ofitodo","Silla de visita modelo Bond, con respaldo fabricado en polipropileno color negro tapizado en malla mesh y almohadilla lumbar ajustable, ultra cómoda.",""
"https://ofitodo.com/producto/silla-de-visita-modelo-croma-ohv-198/",producto,200,"https://ofitodo.com/producto/silla-de-visita-modelo-croma-ohv-198/","https://ofitodo.com/producto/silla-de-visita-modelo-croma-ohv-198/","index, follow, max-image-preview:large, max-snippet:-1, max-video-preview:-1","Silla de visita Croma | Ofitodo","Silla de visita, con tapiz en respaldo de malla de color negro y asiento en soft revolving leather. Ultra cómoda y elegante.",""
"https://ofitodo.com/producto/silla-de-visita-modelo-dolphin-ohv-111-gris/",producto,200,"https://ofitodo.com/producto/silla-de-visita-modelo-dolphin-ohv-111-gris/","https://ofitodo.com/producto/silla-de-visita-modelo-dolphin-ohv-111-gris/","index, follow, max-image-preview:large, max-snippet:-1, max-video-preview:-1","Respaldo ""dolphin"" de visita | Ofitodo","Comodidad y funcionalidad en una silla ergonómica. Con respaldo de malla, y estructura tipo trineo. Personaliza el tapiz en varios colores.",""
"https://ofitodo.com/producto/silla-de-visita-modelo-ellitico-croma-ohv-2400cr/",producto,200,"https://ofitodo.com/producto/silla-de-visita-modelo-ellitico-croma-ohv-2400cr/","https://ofitodo.com/producto/silla-de-visita-modelo-ellitico-croma-ohv-2400cr/","index, follow, max-image-preview:large, max-snippet:-1, max-video-preview:-1","Silla de visita modelo ellitico | Ofitodo","Silla de visita con respaldos de malla ergonómica y asiento de hule espuma. Disponible en varios colores de malla y tapizado en tela o vinil.",""
"https://ofitodo.com/producto/silla-de-visita-modelo-goetz-ohv-208-ofitodo/",producto,200,"https://ofitodo.com/producto/silla-de-visita-modelo-goetz-ohv-208-ofitodo/","https://ofitodo.com/producto/silla-de-visita-modelo-goetz-ohv-208-ofitodo/","index, follow, max-image-preview:large, max-snippet:-1, max-video-preview:-1","Silla de visita ""Goetz"" | Ofitodo","Silla de visita, elegante color negro confortable y duradera. Cómodos apoyabrazos y excelente soporte lumbar fijo. Base tipo trineo.",""
"https://ofitodo.com/producto/silla-de-visita-modelo-kolbe/",producto,200,"https://ofitodo.com/producto/silla-de-visita-modelo-kolbe/","https://ofitodo.com/producto/silla-de-visita-modelo-kolbe/","index, follow, max-image-preview:large, max-snippet:-1, max-video-preview:-1","Silla de visita modelo Kolbe | Ofitodo","Silla de visita Kolbe asiento de polipropileno resistente, ideal para comedor, visita y capacitación.",""
"https://ofitodo.com/producto/silla-de-visita-modelo-lituania/",producto,200,"https://ofitodo.com/producto/silla-de-visita-modelo-lituania/","https://ofitodo.com/producto/silla-de-visita-modelo-lituania/","index, follow, max-image-preview:large, max-snippet:-1, max-video-preview:-1","SILLA DE VISITA MODELO LITUANIA | Ofitodo","Silla de visita para oficina, respaldo tapizado con malla. Soporte lumbar ajustable de altura y asiento tapizado en tela color negro. Elegante y resistente.",""
"https://ofitodo.com/producto/silla-de-visita-modelo-ohv-311/",producto,200,"https://ofitodo.com/producto/silla-de-visita-modelo-ohv-311/","https://ofitodo.com/producto/silla-de-visita-modelo-ohv-311/","index, follow, max-image-preview:large, max-snippet:-1, max-video-preview:-1","Silla de visita modelo ohv-311 | Ofitodo","Silla de vista ideal para salas de visita, capacitación y espacios de oficina",""
"https://ofitodo.com/producto/silla-de-visita-modelo-revolution/",producto,200,"https://ofitodo.com/producto/silla-de-visita-modelo-revolution/","https://ofitodo.com/producto/silla-de-visita-modelo-revolution/","index, follow, max-image-preview:large, max-snippet:-1, max-video-preview:-1","Silla de visita modelo Revolution | Ofitodo","La silla de visita que ofrece resistencia y estilo con polipropileno de alta durabilidad y estructura de acero cromado. Consulta disponibilidad.",""
"https://ofitodo.com/producto/silla-de-visita-modelo-valentina-ofitodo/",producto,200,"https://ofitodo.com/producto/silla-de-visita-modelo-valentina-ofitodo/","https://ofitodo.com/producto/silla-de-visita-modelo-valentina-ofitodo/","index, follow, max-image-preview:large, max-snippet:-1, max-video-preview:-1","SILLA DE VISITA MODELO VALENTINA | Ofitodo","Silla de visita con respaldo y asiento con estructura de madera de una sola pieza con espuma estándar tapizado en tela resistente color negro. Ultra cómoda.",""
"https://ofitodo.com/producto/silla-de-visita-modelo-vision-gray/",producto,200,"https://ofitodo.com/producto/silla-de-visita-modelo-vision-gray/","https://ofitodo.com/producto/silla-de-visita-modelo-vision-gray/","index, follow, max-image-preview:large, max-snippet:-1, max-video-preview:-1","SILLA DE VISITA MODELO VISION GRAY | Ofitodo","Silla de visita vision, tapizada en smartmesh de importación color gris y negro. Elegancia y confort en tu oficina.",""
"https://ofitodo.com/producto/silla-de-visita-para-oficina-modelo-pablo-bajo-ofitodo/",producto,200,"https://ofitodo.com/producto/silla-de-visita-para-oficina-modelo-pablo-bajo-ofitodo/","https://ofitodo.com/producto/silla-de-visita-para-oficina-modelo-pablo-bajo-ofitodo/","index, follow, max-image-preview:large, max-snippet:-1, max-video-preview:-1","SILLA DE VISITA MODELO PABLO | Ofitodo","Silla de visita para oficina modelo Pablo bajo. Brinda elegancia, confort y resistencia en perfecto equilibrio. Un modelo clásico que luce bien.",""
"https://ofitodo.com/producto/silla-direccion-modelo-matrix-respaldo-alto/",producto,200,"https://ofitodo.com/producto/silla-direccion-modelo-matrix-respaldo-alto/","https://ofitodo.com/producto/silla-direccion-modelo-matrix-respaldo-alto/","index, follow, max-image-preview:large, max-snippet:-1, max-video-preview:-1","SILLA DIRECTIVA MODELO MATRIX RESPALDO ALTO | Ofitodo","Silla de dirección con cabecera ajustable, descansabrazos con ajuste de altura, soporte lumbar y mecanismo reclinable con base de 5 puntas en aluminio.",""
"https://ofitodo.com/producto/silla-directiva-alufsen-ahe-405/",producto,200,"https://ofitodo.com/producto/silla-directiva-alufsen-ahe-405/","https://ofitodo.com/producto/silla-directiva-alufsen-ahe-405/","index, follow, max-image-preview:large, max-snippet:-1, max-video-preview:-1","Silla directiva alufsen | Ofitodo","Silla de oficina directiva Alufsen, con asiento y respaldo alto con cabecera, tapizados en soft revolving leather disponible en color chocolate o negro.",""
"https://ofitodo.com/producto/silla-directiva-ciani-ofitodo/",producto,200,"https://ofitodo.com/producto/silla-directiva-ciani-ofitodo/","https://ofitodo.com/producto/silla-directiva-ciani-ofitodo/","index, follow, max-image-preview:large, max-snippet:-1, max-video-preview:-1","Silla directiva ""Ciani"" | Ofitodo","Silla directiva con respaldo alto ergonómico en piel suave giratoria color negro. Base estrella de 5 puntas en aluminio fundido y pulido, rodajas tipo dual.",""
"https://ofitodo.com/producto/silla-directiva-de-escritorio-modelo-zaid-ofitodo/",producto,200,"https://ofitodo.com/producto/silla-directiva-de-escritorio-modelo-zaid-ofitodo/","https://ofitodo.com/producto/silla-directiva-de-escritorio-modelo-zaid-ofitodo/","index, follow, max-image-preview:large, max-snippet:-1, max-video-preview:-1","SILLA DIRECTIVA MODELO ZAID NEGRO | Ofitodo","Silla directiva de escritorio modelo Zaid alto color negro, respaldo alto, brinda elegancia, confort y resistencia en perfecto equilibrio.",""
"https://ofitodo.com/producto/silla-directiva-ergonomica-para-oficina-madagascar-ofitodo/",producto,200,"https://ofitodo.com/producto/silla-directiva-ergonomica-para-oficina-madagascar-ofitodo/","https://ofitodo.com/producto/silla-directiva-ergonomica-para-oficina-madagascar-ofitodo/","index, follow, max-image-preview:large, max-snippet:-1, max-video-preview:-1","Silla para oficina | Ofitodo","Silla directiva ergonómica para oficina, modelo Madagascar color blanco con cabecera ajustable, soporte lumbar, descansa brazos y reposa cabezas.",""
"https://ofitodo.com/producto/silla-directiva-modelo-alfa-con-cabecera-gris/",producto,200,"https://ofitodo.com/producto/silla-directiva-modelo-alfa-con-cabecera-gris/","https://ofitodo.com/producto/silla-directiva-modelo-alfa-con-cabecera-gris/","index, follow, max-image-preview:large, max-snippet:-1, max-video-preview:-1","Silla para oficina modelo Alfa | Ofitodo","Silla modelo ALFA gris con cabecera, diseñada para máxima comodidad y soporte. Con respaldo en mesh resistente, asiento Slinder y soporte lumbar.",""
"https://ofitodo.com/producto/silla-directiva-modelo-alzette-con-cabecera/",producto,200,"https://ofitodo.com/producto/silla-directiva-modelo-alzette-con-cabecera/","https://ofitodo.com/producto/silla-directiva-modelo-alzette-con-cabecera/","index, follow, max-image-preview:large, max-snippet:-1, max-video-preview:-1","Silla operativa para oficina | Ofitodo","Silla operativa para oficina modelo Alzette de respaldo alto con diseño ergonómico y fresco que aporta confort y asiento acojinado, que ofrece el soporte perfecto.",""
"https://ofitodo.com/producto/silla-directiva-modelo-arsenal-ofitodo/",producto,200,"https://ofitodo.com/producto/silla-directiva-modelo-arsenal-ofitodo/","https://ofitodo.com/producto/silla-directiva-modelo-arsenal-ofitodo/","index, follow, max-image-preview:large, max-snippet:-1, max-video-preview:-1","SILLA DIRECTIVA MODELO ARSENAL NEGRO | Ofitodo","Silla directiva, modelo Arsenal color negro con cabecera, ultra cómoda y ergonómica que ayuda a mantener una buena postura.",""
"https://ofitodo.com/producto/silla-directiva-modelo-bond-ofitodo/",producto,200,"https://ofitodo.com/producto/silla-directiva-modelo-bond-ofitodo/","https://ofitodo.com/producto/silla-directiva-modelo-bond-ofitodo/","index, follow, max-image-preview:large, max-snippet:-1, max-video-preview:-1","SILLA DIRECTIVA MODELO BOND | Ofitodo","Silla directiva modelo Bond color negro, respaldo tapizado en malla con almohadilla lumbar ajustable, cabecera tapizada en tela mesh ajustable en altura.",""
"https://ofitodo.com/producto/silla-directiva-modelo-boss-ofitodo/",producto,200,"https://ofitodo.com/producto/silla-directiva-modelo-boss-ofitodo/","https://ofitodo.com/producto/silla-directiva-modelo-boss-ofitodo/","index, follow, max-image-preview:large, max-snippet:-1, max-video-preview:-1","Silla directiva moderna | Ofitodo","Silla directiva, elegante con respaldo y asiento de polipropileno color blanco y negro con mecanismo synchro multiposiciones de alta calidad.",""
"https://ofitodo.com/producto/silla-directiva-modelo-dream-respaldo-alto/",producto,200,"https://ofitodo.com/producto/silla-directiva-modelo-dream-respaldo-alto/","https://ofitodo.com/producto/silla-directiva-modelo-dream-respaldo-alto/","index, follow, max-image-preview:large, max-snippet:-1, max-video-preview:-1","Silla directiva modelo Dream | Ofitodo","Silla Directiva dream, ideal para espacios ejecutivos modernos y profesionales.",""
"https://ofitodo.com/producto/silla-directiva-modelo-eslovaquia/",producto,200,"https://ofitodo.com/producto/silla-directiva-modelo-eslovaquia/","https://ofitodo.com/producto/silla-directiva-modelo-eslovaquia/","index, follow, max-image-preview:large, max-snippet:-1, max-video-preview:-1","Silla para oficina Eslovaquia | Ofitodo","Silla directiva de respaldo alto con malla transpirable y cabecera fija. Diseño ergonómico, ajuste de altura, reclinación y base de nylon. Comodidad y funcionalidad en cada detalle.",""
"https://ofitodo.com/producto/silla-directiva-modelo-londres/",producto,200,"https://ofitodo.com/producto/silla-directiva-modelo-londres/","https://ofitodo.com/producto/silla-directiva-modelo-londres/","index, follow, max-image-preview:large, max-snippet:-1, max-video-preview:-1","Silla de oficina directiva Londres | Ofitodo","Con respaldo en malla transpirable y cabecera ajustable, ideal para largas jornadas. diseñado para máxima comodidad y un soporte estable y ergonómico. ",""
"https://ofitodo.com/producto/silla-directiva-modelo-loop-respaldo-alto/",producto,200,"https://ofitodo.com/producto/silla-directiva-modelo-loop-respaldo-alto/","https://ofitodo.com/producto/silla-directiva-modelo-loop-respaldo-alto/","index, follow, max-image-preview:large, max-snippet:-1, max-video-preview:-1","SILLA DIRECTIVA MODELO LOOP RESPALDO ALTO | Ofitodo","Silla directiva Loop respaldo alto mecanismo de rodilla multiposiciones con regulación de tensión. Descansabrazos ﬁjo de acero cromado con pad tapizado.",""
"https://ofitodo.com/producto/silla-directiva-modelo-moldavia-cc/",producto,200,"https://ofitodo.com/producto/silla-directiva-modelo-moldavia-cc/","https://ofitodo.com/producto/silla-directiva-modelo-moldavia-cc/","index, follow, max-image-preview:large, max-snippet:-1, max-video-preview:-1","Silla ergonómica Moldavia | Ofitodo","Silla ergonómica con respaldo en malla transpirable, soporte lumbar fijo y asiento en color plumbago. Perfecta para trabajar con comodidad y elegancia.",""
"https://ofitodo.com/producto/silla-directiva-modelo-montenegro-gris-ofitodo/",producto,200,"https://ofitodo.com/producto/silla-directiva-modelo-montenegro-gris-ofitodo/","https://ofitodo.com/producto/silla-directiva-modelo-montenegro-gris-ofitodo/","index, follow, max-image-preview:large, max-snippet:-1, max-video-preview:-1","Silla directiva Montenegro | Ofitodo","Elegante silla directiva con respaldo ergonómico alto con cabecera ajustable, tapizados en malla color gris, con descansa brazos ajustables ultra cómoda.",""
"https://ofitodo.com/producto/silla-directiva-modelo-montenegro-negro-ofitodo/",producto,200,"https://ofitodo.com/producto/silla-directiva-modelo-montenegro-negro-ofitodo/","https://ofitodo.com/producto/silla-directiva-modelo-montenegro-negro-ofitodo/","index, follow, max-image-preview:large, max-snippet:-1, max-video-preview:-1","SILLA DIRECTIVA MODELO MONTENEGRO NEGRO | Ofitodo","Elegante silla directiva con respaldo ergonómico alto con cabecera ajustable ,tapizados en malla color negro, con descansa brazos ajustables ultra cómoda.",""
"https://ofitodo.com/producto/silla-directiva-modelo-ucrania/",producto,200,"https://ofitodo.com/producto/silla-directiva-modelo-ucrania/","https://ofitodo.com/producto/silla-directiva-modelo-ucrania/","index, follow, max-image-preview:large, max-snippet:-1, max-video-preview:-1","Silla de oficina directiva | Ofitodo","Silla de oficina Ucrania diseñada para quienes buscan ergonomía y estilo, cuenta un respaldo alto en malla transpirable y asiento deslizante de máximo confort.",""
"https://ofitodo.com/producto/silla-directiva-modelo-vision-ofitodo/",producto,200,"https://ofitodo.com/producto/silla-directiva-modelo-vision-ofitodo/","https://ofitodo.com/producto/silla-directiva-modelo-vision-ofitodo/","index, follow, max-image-preview:large, max-snippet:-1, max-video-preview:-1","Silla directiva con cabecera | Ofitodo","Silla directiva con respaldo alto, excelente soporte lumbar y cabecera ajustable, ultra cómoda por su gran diseño ergonómico. ",""
"https://ofitodo.com/producto/silla-directiva-ofitodo/",producto,200,"https://ofitodo.com/producto/silla-directiva-ofitodo/","https://ofitodo.com/producto/silla-directiva-ofitodo/","index, follow, max-image-preview:large, max-snippet:-1, max-video-preview:-1","Silla directiva ""fenix"" | Ofitodo","Silla ergonómica con base de acero cromado, pistón neumático, mecanismo basculante y brazos de aluminio. Respaldo alto y acojinado para mayor confort.",""
"https://ofitodo.com/producto/silla-directiva-respaldo-alto/",producto,200,"https://ofitodo.com/producto/silla-directiva-respaldo-alto/","https://ofitodo.com/producto/silla-directiva-respaldo-alto/","index, follow, max-image-preview:large, max-snippet:-1, max-video-preview:-1","Silla directiva ""Energy"" | Ofitodo","Silla ergonómica con respaldo ajustable en 4 posiciones, descansabrazos 4D, soporte lumbar ajustable y cabecera 2D. Base de aluminio y respaldo de malla Smartmesh Plus para mayor comodidad y durabilidad.",""
"https://ofitodo.com/producto/silla-eco-visita-ofitodo/",producto,200,"https://ofitodo.com/producto/silla-eco-visita-ofitodo/","https://ofitodo.com/producto/silla-eco-visita-ofitodo/","index, follow, max-image-preview:large, max-snippet:-1, max-video-preview:-1","SILLA ECO VISITA | Ofitodo","silla ideal para visita, oficina, agencia, sucursal, escritorio, institución, compañía, organización, etc. Asiento y respaldo hule espuma laminado flexible.",""
"https://ofitodo.com/producto/silla-egonomica-ejecutiva-modelo-berlin-color-negro/",producto,200,"https://ofitodo.com/producto/silla-egonomica-ejecutiva-modelo-berlin-color-negro/","https://ofitodo.com/producto/silla-egonomica-ejecutiva-modelo-berlin-color-negro/","index, follow, max-image-preview:large, max-snippet:-1, max-video-preview:-1","Silla operativa Berlín bajo | Ofitodo","Silla ergonómica de escritorio modelo Berlín color negro, tapizado en tela y malla. con mecanismo ejecutivo. Ajuste de altura, tensión e inclinación.",""
"https://ofitodo.com/producto/silla-ejecutiva-ajustable-ofitodo/",producto,200,"https://ofitodo.com/producto/silla-ejecutiva-ajustable-ofitodo/","https://ofitodo.com/producto/silla-ejecutiva-ajustable-ofitodo/","index, follow, max-image-preview:large, max-snippet:-1, max-video-preview:-1","Silla ejecutiva ajustable | Ofitodo","Silla ejecutiva ergonómica y ajustable para oficina. Respaldo alto, tapizada en piel, con ajuste de altura, reclinación Ideal.",""
"https://ofitodo.com/producto/silla-ejecutiva-cantabria-ofitodo/",producto,200,"https://ofitodo.com/producto/silla-ejecutiva-cantabria-ofitodo/","https://ofitodo.com/producto/silla-ejecutiva-cantabria-ofitodo/","index, follow, max-image-preview:large, max-snippet:-1, max-video-preview:-1","SILLA EJECUTIVA MODELO CANTABRIA CON CABECERA | Ofitodo","Silla ejecutiva de respaldo alto en malla de diseño ergonómico con cabecera acojinada y tapizada en malla en color negro y asiento en tela microespacial de color negro.",""
"https://ofitodo.com/producto/silla-ejecutiva-con-cabecera/",producto,200,"https://ofitodo.com/producto/silla-ejecutiva-con-cabecera/","https://ofitodo.com/producto/silla-ejecutiva-con-cabecera/","index, follow, max-image-preview:large, max-snippet:-1, max-video-preview:-1","Silla ejecutiva con cabecera | Ofitodo","Silla ejecutiva ergonómica con respaldo en malla, brazos 3D, cabecera y soporte lumbar ajustables, base de 5 puntas y mecanismo synchro inteligente. Garantía de 10 años.",""
"https://ofitodo.com/producto/silla-ejecutiva-de-oficina-modelo-austria/",producto,200,"https://ofitodo.com/producto/silla-ejecutiva-de-oficina-modelo-austria/","https://ofitodo.com/producto/silla-ejecutiva-de-oficina-modelo-austria/","index, follow, max-image-preview:large, max-snippet:-1, max-video-preview:-1","SILLA EJECUTIVA MODELO AUSTRIA | Ofitodo","Silla ejecutiva para oficina con respaldo medio el cual brinda un gran soporte lumbar, ya que permite mantener una postura correcta y cómoda.",""
"https://ofitodo.com/producto/silla-ejecutiva-de-oficina-samos/",producto,200,"https://ofitodo.com/producto/silla-ejecutiva-de-oficina-samos/","https://ofitodo.com/producto/silla-ejecutiva-de-oficina-samos/","index, follow, max-image-preview:large, max-snippet:-1, max-video-preview:-1","Silla ejecutiva modelo samos | Ofitodo","Silla ejecutiva modelo Samos con cabecera color negro, ergonómica y ultra cómoda, con excelente soporte lumbar, tapizado en malla.",""
"https://ofitodo.com/producto/silla-ejecutiva-de-oficina/",producto,200,"https://ofitodo.com/producto/silla-ejecutiva-de-oficina/","https://ofitodo.com/producto/silla-ejecutiva-de-oficina/","index, follow, max-image-preview:large, max-snippet:-1, max-video-preview:-1","Silla ejecutiva de oficina | Ofitodo","Silla ejecutiva modelo Athenas, Respaldo y Cabecera tapizado en malla con soporte lumbar ajustable en altura.",""
"https://ofitodo.com/producto/silla-ejecutiva-londres-para-oficina/",producto,200,"https://ofitodo.com/producto/silla-ejecutiva-londres-para-oficina/","https://ofitodo.com/producto/silla-ejecutiva-londres-para-oficina/","index, follow, max-image-preview:large, max-snippet:-1, max-video-preview:-1","Silla Para Oficina Ejecutiva Londres | Ofitodo","Silla ergonómica para oficina ejecutiva, ideal para jornadas de trabajo prolongadas, respaldo en malla, mecanismo ajustable, en color negro.",""
"https://ofitodo.com/producto/silla-ejecutiva-modelo-athelier/",producto,200,"https://ofitodo.com/producto/silla-ejecutiva-modelo-athelier/","https://ofitodo.com/producto/silla-ejecutiva-modelo-athelier/","index, follow, max-image-preview:large, max-snippet:-1, max-video-preview:-1","Silla ergonómica ""Athelier"" ejecutiva | Ofitodo","Silla ejecutiva Athelier con respaldo en malla con soporte lumbar ajustable, asiento ultra cómodo de espuma inyectada, y brazos ajustables en 10 posiciones.",""
"https://ofitodo.com/producto/silla-ejecutiva-modelo-athenas/",producto,200,"https://ofitodo.com/producto/silla-ejecutiva-modelo-athenas/","https://ofitodo.com/producto/silla-ejecutiva-modelo-athenas/","index, follow, max-image-preview:large, max-snippet:-1, max-video-preview:-1","Silla ejecutiva para oficina modelo athenas | Ofitodo","Silla ejecutiva athenas con respaldo en malla, soporte lumbar ajustable, cabecera regulable y. Ideal para oficina.",""
"https://ofitodo.com/producto/silla-ejecutiva-modelo-bogota-alto/",producto,200,"https://ofitodo.com/producto/silla-ejecutiva-modelo-bogota-alto/","https://ofitodo.com/producto/silla-ejecutiva-modelo-bogota-alto/","index, follow, max-image-preview:large, max-snippet:-1, max-video-preview:-1","Silla ejecutiva para oficina | Ofitodo","Silla ejecutiva para oficina con tapizado en ViniPiel negro o café y estructura metálica que brinda comodidad, diseño y ajuste perfecto para tu oficina.",""
"https://ofitodo.com/producto/silla-ejecutiva-modelo-bond-roc/",producto,200,"https://ofitodo.com/producto/silla-ejecutiva-modelo-bond-roc/","https://ofitodo.com/producto/silla-ejecutiva-modelo-bond-roc/","index, follow, max-image-preview:large, max-snippet:-1, max-video-preview:-1","Silla ejecutiva modelo Bond | Ofitodo","Silla ejecutiva con respaldo en malla, soporte lumbar ajustable, asiento en tela mesh y base de nylon. Ideal para oficina.",""
"https://ofitodo.com/producto/silla-ejecutiva-modelo-brescia-ofitodo/",producto,200,"https://ofitodo.com/producto/silla-ejecutiva-modelo-brescia-ofitodo/","https://ofitodo.com/producto/silla-ejecutiva-modelo-brescia-ofitodo/","index, follow, max-image-preview:large, max-snippet:-1, max-video-preview:-1","SILLA EJECUTIVA MODELO BRESCIA CON CABECERA | Ofitodo","Silla ideal para un uso multifuncional tanto en casa como oficina con un diseño inteligente gracias a su soporte lumbar, diseño ergonómico, respaldo alto con cabecera y mecanismo regulador de tensión de la inclinación.",""
"https://ofitodo.com/producto/silla-ejecutiva-modelo-cozi-ohe-175/",producto,200,"https://ofitodo.com/producto/silla-ejecutiva-modelo-cozi-ohe-175/","https://ofitodo.com/producto/silla-ejecutiva-modelo-cozi-ohe-175/","index, follow, max-image-preview:large, max-snippet:-1, max-video-preview:-1","Silla ejecutiva para oficina | Ofitodo","Disfruta de la máxima comodidad en tu oficina con esta silla ejecutiva, Modelo COZI OHE-175 de diseño ergonómico.",""
"https://ofitodo.com/producto/silla-ejecutiva-modelo-croma-ohe-193-ofitodo/",producto,200,"https://ofitodo.com/producto/silla-ejecutiva-modelo-croma-ohe-193-ofitodo/","https://ofitodo.com/producto/silla-ejecutiva-modelo-croma-ohe-193-ofitodo/","index, follow, max-image-preview:large, max-snippet:-1, max-video-preview:-1","Silla ejecutiva ""croma"" | Ofitodo","Silla ejecutiva, con tapiz en respaldo de malla de color negro y asiento en soft revolving leather. Ultra cómoda y elegante.",""
"https://ofitodo.com/producto/silla-ejecutiva-modelo-croma-ohe-195/",producto,200,"https://ofitodo.com/producto/silla-ejecutiva-modelo-croma-ohe-195/","https://ofitodo.com/producto/silla-ejecutiva-modelo-croma-ohe-195/","index, follow, max-image-preview:large, max-snippet:-1, max-video-preview:-1","Silla ""croma"" ejecutiva | Ofitodo","Silla ejecutiva, con tapiz en respaldo de malla de color negro y asiento en soft revolving leather. Ultra cómoda y elegante.",""
"https://ofitodo.com/producto/silla-ejecutiva-modelo-dreco/",producto,200,"https://ofitodo.com/producto/silla-ejecutiva-modelo-dreco/","https://ofitodo.com/producto/silla-ejecutiva-modelo-dreco/","index, follow, max-image-preview:large, max-snippet:-1, max-video-preview:-1","Silla Ejecutiva ""DRACO"" | Ofitodo","Silla de oficina ejecutiva con respaldo y asiento en malla, soporte lumbar, cabecera ajustable y brazos con 10 posiciones. Para quienes buscan estilo y ergonomía.",""
"https://ofitodo.com/producto/silla-ejecutiva-modelo-economalla/",producto,200,"https://ofitodo.com/producto/silla-ejecutiva-modelo-economalla/","https://ofitodo.com/producto/silla-ejecutiva-modelo-economalla/","index, follow, max-image-preview:large, max-snippet:-1, max-video-preview:-1","Silla ejecutiva modelo Economalla Blanca | Ofitodo","Renueva tu oficina con la silla economalla blanca, una opción cómoda, moderna y funcional para espacios de trabajo productivos.",""
"https://ofitodo.com/producto/silla-ejecutiva-modelo-finisterre-gris-ofitodo/",producto,200,"https://ofitodo.com/producto/silla-ejecutiva-modelo-finisterre-gris-ofitodo/","https://ofitodo.com/producto/silla-ejecutiva-modelo-finisterre-gris-ofitodo/","index, follow, max-image-preview:large, max-snippet:-1, max-video-preview:-1","SILLA EJECUTIVA MODELO FINISTERRE GRIS | Ofitodo","Silla ejecutiva modelo Finisterre girs. Con respaldo tapizado en malla ultra cómoda y fresca gracias a su respaldo que permite la circulación de aire.",""
"https://ofitodo.com/producto/silla-ejecutiva-modelo-finisterre-negro/",producto,200,"https://ofitodo.com/producto/silla-ejecutiva-modelo-finisterre-negro/","https://ofitodo.com/producto/silla-ejecutiva-modelo-finisterre-negro/","index, follow, max-image-preview:large, max-snippet:-1, max-video-preview:-1","SILLA EJECUTIVA MODELO FINISTERRE NEGRO | Ofitodo","Silla ejecutiva modelo Finisterre negro. Con respaldo tapizado en malla ultra cómoda y fresca gracias a su respaldo que permite la circulación de aire.",""
"https://ofitodo.com/producto/silla-ejecutiva-modelo-fly-rb/",producto,200,"https://ofitodo.com/producto/silla-ejecutiva-modelo-fly-rb/","https://ofitodo.com/producto/silla-ejecutiva-modelo-fly-rb/","index, follow, max-image-preview:large, max-snippet:-1, max-video-preview:-1","Silla ejecutiva modelo Fly rb | Ofitodo","Silla ejecutiva con soporte lumbar fijo, mecanismo reclinable y base de nylon, ideal para oficina.",""
"https://ofitodo.com/producto/silla-ejecutiva-modelo-goetz-ohe-205/",producto,200,"https://ofitodo.com/producto/silla-ejecutiva-modelo-goetz-ohe-205/","https://ofitodo.com/producto/silla-ejecutiva-modelo-goetz-ohe-205/","index, follow, max-image-preview:large, max-snippet:-1, max-video-preview:-1","Silla ejecutiva Goetz | Ofitodo","Silla ejecutiva modelo Goetz, con altura ajustable y cómodos apoyabrazos. Un excelente soporte lumbar fijo.",""
"https://ofitodo.com/producto/silla-ejecutiva-modelo-habana/",producto,200,"https://ofitodo.com/producto/silla-ejecutiva-modelo-habana/","https://ofitodo.com/producto/silla-ejecutiva-modelo-habana/","index, follow, max-image-preview:large, max-snippet:-1, max-video-preview:-1","Silla ejecutiva modelo habana | Ofitodo","Silla ejecutiva para oficina tapizado de tela malla en respaldo, asiento tapizado y acojinado ergonómico super resistente.",""
"https://ofitodo.com/producto/silla-ejecutiva-modelo-julia/",producto,200,"https://ofitodo.com/producto/silla-ejecutiva-modelo-julia/","https://ofitodo.com/producto/silla-ejecutiva-modelo-julia/","index, follow, max-image-preview:large, max-snippet:-1, max-video-preview:-1","Silla ejecutiva de oficina | Ofitodo","Diseño moderno y fresco, perfecta para el confort en cualquier temporada. Ajustable, resistente con mecanismo de 3 posiciones. disponible en varios colores.",""
"https://ofitodo.com/producto/silla-ejecutiva-modelo-loop-respaldo-bajo-ofitodo/",producto,200,"https://ofitodo.com/producto/silla-ejecutiva-modelo-loop-respaldo-bajo-ofitodo/","https://ofitodo.com/producto/silla-ejecutiva-modelo-loop-respaldo-bajo-ofitodo/","index, follow, max-image-preview:large, max-snippet:-1, max-video-preview:-1","SILLA EJECUTIVA MODELO LOOP RESPALDO BAJO | Ofitodo","silla ejecutiva con diseño elegante por su color negro y respaldo alto, tapizada en technoleather . Descansabrazos ﬁjo de acero cromado con pad tapizado.",""
"https://ofitodo.com/producto/silla-ejecutiva-modelo-luxemburgo/",producto,200,"https://ofitodo.com/producto/silla-ejecutiva-modelo-luxemburgo/","https://ofitodo.com/producto/silla-ejecutiva-modelo-luxemburgo/","index, follow, max-image-preview:large, max-snippet:-1, max-video-preview:-1","Silla para oficina ejecutiva | Ofitodo","Silla Luxemburgo ejecutiva con diseño ergonómico, frescura y comodidad. Perfecta para largas jornadas con estilo y funcionalidad.",""
"https://ofitodo.com/producto/silla-ejecutiva-modelo-matrix-respaldo-bajo/",producto,200,"https://ofitodo.com/producto/silla-ejecutiva-modelo-matrix-respaldo-bajo/","https://ofitodo.com/producto/silla-ejecutiva-modelo-matrix-respaldo-bajo/","index, follow, max-image-preview:large, max-snippet:-1, max-video-preview:-1","SILLA EJECUTIVA MODELO MATRIX RESPALDO BAJO | Ofitodo","Silla ejecutiva con respaldo ergonómico con soporte lumbar ajustable, descansabrazos con ajuste de altura, base de 5 puntas de aluminio pulido y de nylon color negro y cabecera con ajuste 2D.",""
"https://ofitodo.com/producto/silla-ejecutiva-modelo-modena-ofitodo/",producto,200,"https://ofitodo.com/producto/silla-ejecutiva-modelo-modena-ofitodo/","https://ofitodo.com/producto/silla-ejecutiva-modelo-modena-ofitodo/","index, follow, max-image-preview:large, max-snippet:-1, max-video-preview:-1","SILLA EJECUTIVA MODELO MÓDENA CON CABECERA | Ofitodo","Silla ejecutiva con respaldo alto color chocolate, recubrimiento en soft revolving leather, con brazos fijos y cruceta cromada. Diseño elegante y cómoda.",""
"https://ofitodo.com/producto/silla-ejecutiva-modelo-pablo-bajo-ofitodo/",producto,200,"https://ofitodo.com/producto/silla-ejecutiva-modelo-pablo-bajo-ofitodo/","https://ofitodo.com/producto/silla-ejecutiva-modelo-pablo-bajo-ofitodo/","index, follow, max-image-preview:large, max-snippet:-1, max-video-preview:-1","SILLA EJECUTIVA MODELO PABLO BAJO | Ofitodo","Silla ejecutiva modelo Pablo bajo color negro con respaldo y asiento con detalles de costura y brazos fijos de polipropileno con diseño ergonómico.",""
"https://ofitodo.com/producto/silla-ejecutiva-modelo-portugal-cc/",producto,200,"https://ofitodo.com/producto/silla-ejecutiva-modelo-portugal-cc/","https://ofitodo.com/producto/silla-ejecutiva-modelo-portugal-cc/","index, follow, max-image-preview:large, max-snippet:-1, max-video-preview:-1","Silla para oficina ejecutiva | Ofitodo","Silla para oficina modelo Portugal. Comodidad y ajuste perfecto con diseño ergonómico, respaldo transpirable y certificación BIFMA para máxima calidad y resistencia.",""
"https://ofitodo.com/producto/silla-ejecutiva-modelo-soul-black-respaldoalto-ofitodo/",producto,200,"https://ofitodo.com/producto/silla-ejecutiva-modelo-soul-black-respaldoalto-ofitodo/","https://ofitodo.com/producto/silla-ejecutiva-modelo-soul-black-respaldoalto-ofitodo/","index, follow, max-image-preview:large, max-snippet:-1, max-video-preview:-1","SILLA EJECUTIVA MODELO SOUL BLACK RESPALDO ALTO | Ofitodo","Silla ejecutiva Soul con respaldo alto con nueva sensemesh para respaldo y cabecera. Con excelente soporte lumbar ajustable y descansabrazos con movimiento 4D.",""
"https://ofitodo.com/producto/silla-ejecutiva-modelo-spirit/",producto,200,"https://ofitodo.com/producto/silla-ejecutiva-modelo-spirit/","https://ofitodo.com/producto/silla-ejecutiva-modelo-spirit/","index, follow, max-image-preview:large, max-snippet:-1, max-video-preview:-1","Silla para oficina modelo spirit | Ofitodo","Silla ejecutiva spirit con respaldo en malla y soporte lumbar ajustable, mecanismo ajustable y descansabrazos, Ideal para oficina.",""
"https://ofitodo.com/producto/silla-ejecutiva-modelo-valentina-bajo/",producto,200,"https://ofitodo.com/producto/silla-ejecutiva-modelo-valentina-bajo/","https://ofitodo.com/producto/silla-ejecutiva-modelo-valentina-bajo/","index, follow, max-image-preview:large, max-snippet:-1, max-video-preview:-1","SILLA EJECUTIVA MODELO VALENTINA BAJO | Ofitodo","Silla ejecutiva para oficina, respaldo y asiento con estructura de madera de una sola pieza con espuma estándar tapizado en tela resistente color negro.",""
"https://ofitodo.com/producto/silla-ejecutiva-modelo-vision-respaldo-bajo-ofitodo/",producto,200,"https://ofitodo.com/producto/silla-ejecutiva-modelo-vision-respaldo-bajo-ofitodo/","https://ofitodo.com/producto/silla-ejecutiva-modelo-vision-respaldo-bajo-ofitodo/","index, follow, max-image-preview:large, max-snippet:-1, max-video-preview:-1","SILLA EJECUTIVA MODELO VISION GRAY RESPALDO BAJO | Ofitodo","Silla de oficina ejecutiva Vision, tapizada en smartmesh de importación color gris y negro. Elegancia y confort en tu oficina.",""
"https://ofitodo.com/producto/silla-ejecutiva-para-oficina-modelo-habana-color-negro-ofitodo/",producto,200,"https://ofitodo.com/producto/silla-ejecutiva-para-oficina-modelo-habana-color-negro-ofitodo/","https://ofitodo.com/producto/silla-ejecutiva-para-oficina-modelo-habana-color-negro-ofitodo/","index, follow, max-image-preview:large, max-snippet:-1, max-video-preview:-1","Silla ejecutiva de oficina modelo habana | Ofitodo","Silla ejecutiva de oficina modelo Habana color negro con respaldo tapizado en malla y soporte lumbar ajustable en tensión y altura, ultra cómoda.",""
"https://ofitodo.com/producto/silla-ejecutiva-para-oficina-w1007/",producto,200,"https://ofitodo.com/producto/silla-ejecutiva-para-oficina-w1007/","https://ofitodo.com/producto/silla-ejecutiva-para-oficina-w1007/","index, follow, max-image-preview:large, max-snippet:-1, max-video-preview:-1","Silla ejecutiva modelo W1007 | Ofitodo","Silla para oficina ejecutiva modelo W1007, con respaldo alto de malla color negro y asiento de polipropileno tapizado en tela mesh.",""
"https://ofitodo.com/producto/silla-ejecutiva-para-oficina/",producto,200,"https://ofitodo.com/producto/silla-ejecutiva-para-oficina/","https://ofitodo.com/producto/silla-ejecutiva-para-oficina/","index, follow, max-image-preview:large, max-snippet:-1, max-video-preview:-1","Silla ""travis"" ejecutiva para oficina | Ofitodo","Silla ejecutiva para oficina, ergonómica, con base de estrella, pistón neumático, reclinación ajustable, respaldo alto de malla negra. Soporta hasta 120 kg.",""
"https://ofitodo.com/producto/silla-ejecutiva-quo-ohe-805-blanco-ofitodo/",producto,200,"https://ofitodo.com/producto/silla-ejecutiva-quo-ohe-805-blanco-ofitodo/","https://ofitodo.com/producto/silla-ejecutiva-quo-ohe-805-blanco-ofitodo/","index, follow, max-image-preview:large, max-snippet:-1, max-video-preview:-1","Silla ejecutiva QUO-OHE | Ofitodo","Silla de oficina ejecutiva con respaldo en malla de diseño ergonómico con cabecera, asiento de hule espuma de poliuretano inyectado flexible. diseño moderno y cómodo.",""
"https://ofitodo.com/producto/silla-ejecutiva-rimini-color-negro/",producto,200,"https://ofitodo.com/producto/silla-ejecutiva-rimini-color-negro/","https://ofitodo.com/producto/silla-ejecutiva-rimini-color-negro/","index, follow, max-image-preview:large, max-snippet:-1, max-video-preview:-1","SILLA EJECUTIVA RIMINI COLOR NEGRO | Ofitodo","Silla ejecutiva elegante color negro con respaldo alto, hule espuma laminado flexible con densidad de 22 kgs/m³ en el respaldo y 24 kgs/m³ en el asiento, de alta resiliencia.",""
"https://ofitodo.com/producto/silla-ergonomica-modelo-austria-ofitodo/",producto,200,"https://ofitodo.com/producto/silla-ergonomica-modelo-austria-ofitodo/","https://ofitodo.com/producto/silla-ergonomica-modelo-austria-ofitodo/","index, follow, max-image-preview:large, max-snippet:-1, max-video-preview:-1","Silla para oficina modelo Austria | Ofitodo","Silla ergonómica de oficina modelo Austria color negro con cabecera y asiento tapizado en tela crepe, mecanismo reclinable y brazos ajustables.",""
"https://ofitodo.com/producto/silla-industrial-modelo-skeiter/",producto,200,"https://ofitodo.com/producto/silla-industrial-modelo-skeiter/","https://ofitodo.com/producto/silla-industrial-modelo-skeiter/","index, follow, max-image-preview:large, max-snippet:-1, max-video-preview:-1","Silla Industrial Modelo Skeiter | Ofitodo","Silla Industrial modelo Skeiter, resistente, cómoda y funcional para cajas, mostradores y espacios operativos.",""
"https://ofitodo.com/producto/silla-industrial-modelo-tulip-cajero/",producto,200,"https://ofitodo.com/producto/silla-industrial-modelo-tulip-cajero/","https://ofitodo.com/producto/silla-industrial-modelo-tulip-cajero/","index, follow, max-image-preview:large, max-snippet:-1, max-video-preview:-1","Silla Industrial modelo Tulip cajero | Ofitodo","Silla industrial una opción cómoda, resistente y funcional para mostradores, cajas y espacios operativos.",""
"https://ofitodo.com/producto/silla-industrial-tulip-secretarial/",producto,200,"https://ofitodo.com/producto/silla-industrial-tulip-secretarial/","https://ofitodo.com/producto/silla-industrial-tulip-secretarial/","index, follow, max-image-preview:large, max-snippet:-1, max-video-preview:-1","Silla Industrial Tulip Secretarial | Ofitodo","Silla Industrial de alta calidad. Tipo Secretarial. Respaldo y asiento de poliuretano. Mecanismo fijo y ajuste elevación con piston neumático.",""
"https://ofitodo.com/producto/silla-iris-lounge-ohv-7029-ofitodo/",producto,200,"https://ofitodo.com/producto/silla-iris-lounge-ohv-7029-ofitodo/","https://ofitodo.com/producto/silla-iris-lounge-ohv-7029-ofitodo/","index, follow, max-image-preview:large, max-snippet:-1, max-video-preview:-1","Silla para jardín y terraza | Ofitodo","Silla ideal para jardín y terraza con cómodos descansabrazos adecuada para relajarse. la mejor opción para lucir en su hogar o negocio.",""
"https://ofitodo.com/producto/silla-kyos-ohv-329-ofitodo/",producto,200,"https://ofitodo.com/producto/silla-kyos-ohv-329-ofitodo/","https://ofitodo.com/producto/silla-kyos-ohv-329-ofitodo/","index, follow, max-image-preview:large, max-snippet:-1, max-video-preview:-1","SILLA KYOS OHV 329 | Ofitodo","Silla de visita con estructura de acero tubular con acabado en pintura epóxica color negro mate o gris. Ultra cómoda y altamente resistente. ",""
"https://ofitodo.com/producto/silla-modelo-alissa-ohv91/",producto,200,"https://ofitodo.com/producto/silla-modelo-alissa-ohv91/","https://ofitodo.com/producto/silla-modelo-alissa-ohv91/","index, follow, max-image-preview:large, max-snippet:-1, max-video-preview:-1","Silla para interior y exterior | Ofitodo","Silla ideal para restaurantes o terrazas, por su diseño puede usarse en interior o exterior ya que es resistente a los rayos ultravioleta (UV) y al ambiente salino.",""
"https://ofitodo.com/producto/silla-modelo-art/",producto,200,"https://ofitodo.com/producto/silla-modelo-art/","https://ofitodo.com/producto/silla-modelo-art/","index, follow, max-image-preview:large, max-snippet:-1, max-video-preview:-1","Silla de visita o área común | Ofitodo","Silla multiusos apta para áreas de visita, áreas de espera, de capacitación, o áreas comunes. Fabricada en polipropileno.",""
"https://ofitodo.com/producto/silla-modelo-cometa-con-cabecera/",producto,200,"https://ofitodo.com/producto/silla-modelo-cometa-con-cabecera/","https://ofitodo.com/producto/silla-modelo-cometa-con-cabecera/","index, follow, max-image-preview:large, max-snippet:-1, max-video-preview:-1","Silla de oficina modelo Cometa | Ofitodo","Silla de oficina modelo Cometa con soporte lumbar, asiento en vinil o tela, y mecanismo de reclinación para largas jornadas. Elegante y funcional.",""
"https://ofitodo.com/producto/silla-modelo-innova-ohv-2700/",producto,200,"https://ofitodo.com/producto/silla-modelo-innova-ohv-2700/","https://ofitodo.com/producto/silla-modelo-innova-ohv-2700/","index, follow, max-image-preview:large, max-snippet:-1, max-video-preview:-1","SILLA MODELO INNOVA OHV 2700 | Ofitodo","Asiento y respaldo en dos piezas en polipropileno de alta resistencia y duración.",""
"https://ofitodo.com/producto/silla-modelo-kyos-oht-320/",producto,200,"https://ofitodo.com/producto/silla-modelo-kyos-oht-320/","https://ofitodo.com/producto/silla-modelo-kyos-oht-320/","index, follow, max-image-preview:large, max-snippet:-1, max-video-preview:-1","Silla multiusos ""kyos"" | Ofitodo","Silla con estructura tipo trineo de acero, con acabado en pintura electrostática color negro mate, gris o blanco. Fabricada con materiales super resistentes.",""
"https://ofitodo.com/producto/silla-modelo-row/",producto,200,"https://ofitodo.com/producto/silla-modelo-row/","https://ofitodo.com/producto/silla-modelo-row/","index, follow, max-image-preview:large, max-snippet:-1, max-video-preview:-1","Silla para comedor modelo Row | Ofitodo","Silla ideal para comedor estilo minimalista, con asiento de una sola pieza en polipropileno y base de madera, disponible en blanco y negro.",""
"https://ofitodo.com/producto/silla-multiusos-modelo-iso/",producto,200,"https://ofitodo.com/producto/silla-multiusos-modelo-iso/","https://ofitodo.com/producto/silla-multiusos-modelo-iso/","index, follow, max-image-preview:large, max-snippet:-1, max-video-preview:-1","Silla multiusos modelo ISO | Ofitodo","Silla multiusos modelo ISO ideal para oficinas, salas de espera y capacitación.",""
"https://ofitodo.com/producto/silla-multiusos-modelo-origami/",producto,200,"https://ofitodo.com/producto/silla-multiusos-modelo-origami/","https://ofitodo.com/producto/silla-multiusos-modelo-origami/","index, follow, max-image-preview:large, max-snippet:-1, max-video-preview:-1","Silla multiusos modelo origami | Ofitodo","Silla multiusos modelo Origami, una opción práctica, apilable y funcional para comedores, aulas y capacitación.",""
"https://ofitodo.com/producto/silla-multiusos-modelo-rue/",producto,200,"https://ofitodo.com/producto/silla-multiusos-modelo-rue/","https://ofitodo.com/producto/silla-multiusos-modelo-rue/","index, follow, max-image-preview:large, max-snippet:-1, max-video-preview:-1","Silla multiusos modelo Rue | Ofitodo","Silla Rue multiusos, fabricada en polipropileno resistente a rayos UV e intemperie. Ideal para terrazas y restaurantes y exteriores.",""
"https://ofitodo.com/producto/silla-multiusos-modelo-sensilla-ohv-97/",producto,200,"https://ofitodo.com/producto/silla-multiusos-modelo-sensilla-ohv-97/","https://ofitodo.com/producto/silla-multiusos-modelo-sensilla-ohv-97/","index, follow, max-image-preview:large, max-snippet:-1, max-video-preview:-1","Silla multiusos modelo sensilla | Ofitodo","Silla multiusos modelo Sensilla , una opción práctica, resistente y funcional para terrazas, comedores y restaurantes.",""
"https://ofitodo.com/producto/silla-multiusos-para-exterior-modelo-plus/",producto,200,"https://ofitodo.com/producto/silla-multiusos-para-exterior-modelo-plus/","https://ofitodo.com/producto/silla-multiusos-para-exterior-modelo-plus/","index, follow, max-image-preview:large, max-snippet:-1, max-video-preview:-1","Silla multiusos modelo Plus | Ofitodo","Silla modelo Plus multiusos para exterior, con estructura metálica y respaldo resistente a rayos UV e intemperie.",""
"https://ofitodo.com/producto/silla-multiusos-para-exterior-modelo-velar/",producto,200,"https://ofitodo.com/producto/silla-multiusos-para-exterior-modelo-velar/","https://ofitodo.com/producto/silla-multiusos-para-exterior-modelo-velar/","index, follow, max-image-preview:large, max-snippet:-1, max-video-preview:-1","Silla multiusos para exterior | Ofitodo","Silla Velar multiusos para exterior, fabricada en polipropileno, ideal para visita, terrazas, bares o restaurantes.",""
"https://ofitodo.com/producto/silla-multiusos-para-exteriores/",producto,200,"https://ofitodo.com/producto/silla-multiusos-para-exteriores/","https://ofitodo.com/producto/silla-multiusos-para-exteriores/","index, follow, max-image-preview:large, max-snippet:-1, max-video-preview:-1","Silla multiusos | Ofitodo","Equipa tu restaurante o terraza con la Silla AR-2017 de Grupo Albar, una opción práctica, resistente y funcional para espacios comerciales.",""
"https://ofitodo.com/producto/silla-operativa-ergonomica-modelo-black-jack/",producto,200,"https://ofitodo.com/producto/silla-operativa-ergonomica-modelo-black-jack/","https://ofitodo.com/producto/silla-operativa-ergonomica-modelo-black-jack/","index, follow, max-image-preview:large, max-snippet:-1, max-video-preview:-1","Silla ejecutiva modelo Jack Black | Ofitodo","Silla operativa Black Jack es una opción cómoda, moderna y funcional para oficinas y jornadas productivas.",""
"https://ofitodo.com/producto/silla-operativa-modelo-alfa-color-gris/",producto,200,"https://ofitodo.com/producto/silla-operativa-modelo-alfa-color-gris/","https://ofitodo.com/producto/silla-operativa-modelo-alfa-color-gris/","index, follow, max-image-preview:large, max-snippet:-1, max-video-preview:-1","Silla operativa gris | Ofitodo","Silla con diseño ergonómico que se adapta a ti: brazos 5D, mecanismo ajustable y asiento slider para un confort único. Ideal para oficina y largas jornadas.",""
"https://ofitodo.com/producto/silla-operativa-modelo-aspen-ohe-110/",producto,200,"https://ofitodo.com/producto/silla-operativa-modelo-aspen-ohe-110/","https://ofitodo.com/producto/silla-operativa-modelo-aspen-ohe-110/","index, follow, max-image-preview:large, max-snippet:-1, max-video-preview:-1","Silla ""Aspen"" Operativa | Ofitodo","La comodidad y funcionalidad se unen en la silla para oficina. Con respaldo en malla ergonómica y brazos ajustables, es ideal para largas jornadas.",""
"https://ofitodo.com/producto/silla-operativa-modelo-bogota/",producto,200,"https://ofitodo.com/producto/silla-operativa-modelo-bogota/","https://ofitodo.com/producto/silla-operativa-modelo-bogota/","index, follow, max-image-preview:large, max-snippet:-1, max-video-preview:-1","Silla operativa Bogota bajo | Ofitodo","Estilo y comodidad en cada detalle. La silla operativa Bogotá, disponible en negro y café, ofrece ajustes ergonómicos y diseño duradero para un espacio de trabajo sofisticado.",""
"https://ofitodo.com/producto/silla-operativa-modelo-brescia-ofitodo/",producto,200,"https://ofitodo.com/producto/silla-operativa-modelo-brescia-ofitodo/","https://ofitodo.com/producto/silla-operativa-modelo-brescia-ofitodo/","index, follow, max-image-preview:large, max-snippet:-1, max-video-preview:-1","SILLA OPERATIVA MODELO BRESCIA | Ofitodo","Excelente silla operativa ideal para un uso multifuncional tanto en casa como oficina, con un diseño ergonómico, respaldo con soporte lumbar y brazos abatibles.",""
"https://ofitodo.com/producto/silla-operativa-modelo-contempo-ohs-10/",producto,200,"https://ofitodo.com/producto/silla-operativa-modelo-contempo-ohs-10/","https://ofitodo.com/producto/silla-operativa-modelo-contempo-ohs-10/","index, follow, max-image-preview:large, max-snippet:-1, max-video-preview:-1","Silla operativa Contempo | Ofitodo","Silla operativa, con respaldo en hule espuma laminado flexible con estructura estrella de 5 puntas en nylon reforzado y rodajas tipo dual. Diseño cómodo y resistente.",""
"https://ofitodo.com/producto/silla-operativa-modelo-dolphin-ohe-111/",producto,200,"https://ofitodo.com/producto/silla-operativa-modelo-dolphin-ohe-111/","https://ofitodo.com/producto/silla-operativa-modelo-dolphin-ohe-111/","index, follow, max-image-preview:large, max-snippet:-1, max-video-preview:-1","Silla modelo ""Dolphin"" operativa. | Ofitodo","Silla operativa ergonómica y ajustable para oficina modelo DOLPHIN OHE 111, Personaliza el tapiz a tu gusto. ¡Comodidad y estilo para tu oficina!",""
"https://ofitodo.com/producto/silla-operativa-modelo-evolution-ohe-99-gris/",producto,200,"https://ofitodo.com/producto/silla-operativa-modelo-evolution-ohe-99-gris/","https://ofitodo.com/producto/silla-operativa-modelo-evolution-ohe-99-gris/","index, follow, max-image-preview:large, max-snippet:-1, max-video-preview:-1","Silla Operativa ""Evolution"" | Ofitodo","Silla ergonómica operativa modelo EVOLUTION OHE 99 GRIS con respaldo y asiento en malla para ventilación y soporte óptimos.",""
"https://ofitodo.com/producto/silla-operativa-modelo-flash-ohe-98-gris/",producto,200,"https://ofitodo.com/producto/silla-operativa-modelo-flash-ohe-98-gris/","https://ofitodo.com/producto/silla-operativa-modelo-flash-ohe-98-gris/","index, follow, max-image-preview:large, max-snippet:-1, max-video-preview:-1","Respaldo Operativo ""Flash"" | Ofitodo","Silla operativa para oficina color gris modelo FLASH OHE 98 personaliza el tapiz del asiento a tu gusto.. ¡Tu aliado perfecto para el trabajo y el descanso!",""
"https://ofitodo.com/producto/silla-operativa-modelo-heavy-duty/",producto,200,"https://ofitodo.com/producto/silla-operativa-modelo-heavy-duty/","https://ofitodo.com/producto/silla-operativa-modelo-heavy-duty/","index, follow, max-image-preview:large, max-snippet:-1, max-video-preview:-1","Silla para oficina operativa | Ofitodo","Silla operativa para oficina modelo Heavy Duty, con respaldo de malla transpirable, soporte lumbar ajustable y asiento de hule espuma. Máxima comodidad y durabilidad.",""
"https://ofitodo.com/producto/silla-operativa-modelo-lituania-ofitodo/",producto,200,"https://ofitodo.com/producto/silla-operativa-modelo-lituania-ofitodo/","https://ofitodo.com/producto/silla-operativa-modelo-lituania-ofitodo/","index, follow, max-image-preview:large, max-snippet:-1, max-video-preview:-1","Silla operativa de oficina | Ofitodo","Silla de oficina moderna, cómoda y durable. Modelo Lituania operativa color negro con respaldo tapizado con malla, con excelente soporte lumbar.",""
"https://ofitodo.com/producto/silla-operativa-modelo-londres/",producto,200,"https://ofitodo.com/producto/silla-operativa-modelo-londres/","https://ofitodo.com/producto/silla-operativa-modelo-londres/","index, follow, max-image-preview:large, max-snippet:-1, max-video-preview:-1","Silla de escritorio ergonómica | Ofitodo","Silla de escritorio ergonómica color gris modelo Londres, disponible en gris y negro, con riñonera ajustable y Mecanismo de 3 posiciones. Ideal para largas jornadas.",""
"https://ofitodo.com/producto/silla-operativa-modelo-mandalorian/",producto,200,"https://ofitodo.com/producto/silla-operativa-modelo-mandalorian/","https://ofitodo.com/producto/silla-operativa-modelo-mandalorian/","index, follow, max-image-preview:large, max-snippet:-1, max-video-preview:-1","Silla operativa de oficina | Ofitodo","Silla operativa de oficina modelo Mandalorian. El soporte que tu jornada necesita. Con malla transpirable y acolchado ergonómico para un confort sin límites.",""
"https://ofitodo.com/producto/silla-operativa-modelo-medellin-color-gris/",producto,200,"https://ofitodo.com/producto/silla-operativa-modelo-medellin-color-gris/","https://ofitodo.com/producto/silla-operativa-modelo-medellin-color-gris/","index, follow, max-image-preview:large, max-snippet:-1, max-video-preview:-1","SILLA OPERATIVA MODELO MEDELLIN COLOR GRIS | Ofitodo","Silla operativa modelo Medellín color gris, con respaldo en polipropileno perforado, brazos fijos de polipropileno y asiento tapizado.",""
"https://ofitodo.com/producto/silla-operativa-modelo-modelo-cozi-ohe-173/",producto,200,"https://ofitodo.com/producto/silla-operativa-modelo-modelo-cozi-ohe-173/","https://ofitodo.com/producto/silla-operativa-modelo-modelo-cozi-ohe-173/","index, follow, max-image-preview:large, max-snippet:-1, max-video-preview:-1","Silla para oficina | Ofitodo","Silla Operativa para oficina modelo COZI OHE-173: ergonomía, estilo y ajuste personalizado para maximizar tu comodidad y productividad en la oficina.",""
"https://ofitodo.com/producto/silla-operativa-modelo-morico-ohe-2003-negro/",producto,200,"https://ofitodo.com/producto/silla-operativa-modelo-morico-ohe-2003-negro/","https://ofitodo.com/producto/silla-operativa-modelo-morico-ohe-2003-negro/","index, follow, max-image-preview:large, max-snippet:-1, max-video-preview:-1","Silla Operativa ""Morico-Ohe "" | Ofitodo","Silla operativa para oficina modelo MORICO OHE-2003 negro. Diseño ergonómico de respaldo ventilado, soporte lumbar y asiento de hule espuma de alta resiliencia.",""
"https://ofitodo.com/producto/silla-operativa-modelo-mouse-ohe-84/",producto,200,"https://ofitodo.com/producto/silla-operativa-modelo-mouse-ohe-84/","https://ofitodo.com/producto/silla-operativa-modelo-mouse-ohe-84/","index, follow, max-image-preview:large, max-snippet:-1, max-video-preview:-1","Silla ""Mouse"" Operativa | Ofitodo","Silla para oficina modelo MOUSE OHE 84 ajustable con base de 5 puntas y respaldo de malla gris o negro. Personaliza el tapiz del asiento a tu gusto.",""
"https://ofitodo.com/producto/silla-operativa-modelo-roly-ergonomica/",producto,200,"https://ofitodo.com/producto/silla-operativa-modelo-roly-ergonomica/","https://ofitodo.com/producto/silla-operativa-modelo-roly-ergonomica/","index, follow, max-image-preview:large, max-snippet:-1, max-video-preview:-1","Silla de oficina modelo Roly | Ofitodo","Renueva tu oficina con la Silla Roly, una opción cómoda, moderna y funcional para espacios de trabajo productivos.",""
"https://ofitodo.com/producto/silla-operativa-modelo-rs-430/",producto,200,"https://ofitodo.com/producto/silla-operativa-modelo-rs-430/","https://ofitodo.com/producto/silla-operativa-modelo-rs-430/","index, follow, max-image-preview:large, max-snippet:-1, max-video-preview:-1","SILLA OPERATIVA MODELO RS-430 | Ofitodo","Silla de trabajo con diseño ergonómico. Cuenta con ajuste de altura y profundidad en el respaldo. Compatible también con ciertos accesorios; descansa brazos fijos o ajustables, etc.",""
"https://ofitodo.com/producto/silla-operativa-modelo-ucrania-bajo/",producto,200,"https://ofitodo.com/producto/silla-operativa-modelo-ucrania-bajo/","https://ofitodo.com/producto/silla-operativa-modelo-ucrania-bajo/","index, follow, max-image-preview:large, max-snippet:-1, max-video-preview:-1","Silla de oficina Ucrania bajo | Ofitodo","Silla operativa con respaldo y asiento en malla, brazos 3D con pad suave y mecanismo slider para mayor confort. Perfecta para resistir largas jornadas.",""
"https://ofitodo.com/producto/silla-operativa-modelo-whale-ohe-100-blanco/",producto,200,"https://ofitodo.com/producto/silla-operativa-modelo-whale-ohe-100-blanco/","https://ofitodo.com/producto/silla-operativa-modelo-whale-ohe-100-blanco/","index, follow, max-image-preview:large, max-snippet:-1, max-video-preview:-1","Silla operativa de oficina WHALE OHE 100 | Ofitodo","Silla operativa de oficina con diseño ergonómico. Su respaldo en malla, combinado con un asiento tapizado en tela o vinil de elección.",""
"https://ofitodo.com/producto/silla-operativa-modelo-york-color-gris/",producto,200,"https://ofitodo.com/producto/silla-operativa-modelo-york-color-gris/","https://ofitodo.com/producto/silla-operativa-modelo-york-color-gris/","index, follow, max-image-preview:large, max-snippet:-1, max-video-preview:-1","SILLA OPERATIVA MODELO YORK COLOR GRIS | Ofitodo","Silla ultra cómoda que permite mantener la espalda fresca por su tapiz de malla en respaldo. Elegante y duradera por su base metálica de gran resistencia.",""
"https://ofitodo.com/producto/silla-operativa-moderna-travis/",producto,200,"https://ofitodo.com/producto/silla-operativa-moderna-travis/","https://ofitodo.com/producto/silla-operativa-moderna-travis/","index, follow, max-image-preview:large, max-snippet:-1, max-video-preview:-1","Silla operativa | Ofitodo","Descubre nuestra silla operativa travis con diseño moderno, ideal para espacios de trabajo productivos y con estilo.",""
"https://ofitodo.com/producto/silla-operativa-ofitodo/",producto,200,"https://ofitodo.com/producto/silla-operativa-ofitodo/","https://ofitodo.com/producto/silla-operativa-ofitodo/","index, follow, max-image-preview:large, max-snippet:-1, max-video-preview:-1","Silla operativa negra | Ofitodo","Silla ergonómica con base de acero cromado, ajuste neumático, respaldo y asientos acolchonados, brazos de aluminio y tapiz en leather negro.",""
"https://ofitodo.com/producto/silla-operativa-para-oficina-modelo-sling/",producto,200,"https://ofitodo.com/producto/silla-operativa-para-oficina-modelo-sling/","https://ofitodo.com/producto/silla-operativa-para-oficina-modelo-sling/","index, follow, max-image-preview:large, max-snippet:-1, max-video-preview:-1","Silla de oficina operativa modelo Sling | Ofitodo","Silla operativa de oficina con respaldo ergonómico para mayor confort todos los días.",""
"https://ofitodo.com/producto/silla-operativa-wind-ohe-55cr/",producto,200,"https://ofitodo.com/producto/silla-operativa-wind-ohe-55cr/","https://ofitodo.com/producto/silla-operativa-wind-ohe-55cr/","index, follow, max-image-preview:large, max-snippet:-1, max-video-preview:-1","Silla operativa ""Wind-Ohe 55"" | Ofitodo","Silla operativa modelo Wind OHE-55cr con diseño ergonómico con respaldo en malla transpirable color negro. Perfecta para largas jornadas.",""
"https://ofitodo.com/producto/silla-opertiva-modelo-portugal-bajo/",producto,200,"https://ofitodo.com/producto/silla-opertiva-modelo-portugal-bajo/","https://ofitodo.com/producto/silla-opertiva-modelo-portugal-bajo/","index, follow, max-image-preview:large, max-snippet:-1, max-video-preview:-1","Silla operativa para oficina | Ofitodo","La silla operativa Portugal ofrece soporte lumbar ergonómico, ajuste de altura y tapizado en malla transpirable. Perfecta para largas jornadas en la oficina.",""
"https://ofitodo.com/producto/silla-para-exterior-modelo-grace-ohv-7028/",producto,200,"https://ofitodo.com/producto/silla-para-exterior-modelo-grace-ohv-7028/","https://ofitodo.com/producto/silla-para-exterior-modelo-grace-ohv-7028/","index, follow, max-image-preview:large, max-snippet:-1, max-video-preview:-1","Silla para exterior | Ofitodo","Silla de polipropileno perfecta para espacios exteriores. Resistente a las inclemencias del tiempo. Garantiza resistencia UV y fácil mantenimiento.",""
"https://ofitodo.com/producto/silla-para-exterior-multiutos-lavie/",producto,200,"https://ofitodo.com/producto/silla-para-exterior-multiutos-lavie/","https://ofitodo.com/producto/silla-para-exterior-multiutos-lavie/","index, follow, max-image-preview:large, max-snippet:-1, max-video-preview:-1","Silla para exterior | Ofitodo","Silla para exterior modelo lavie ohv7201, fabricada en polipropileno resistente a rayos UV. Ideal para terrazas, bares y restaurantes.",""
"https://ofitodo.com/producto/silla-para-exterior-solei-modelo-ohv-59/",producto,200,"https://ofitodo.com/producto/silla-para-exterior-solei-modelo-ohv-59/","https://ofitodo.com/producto/silla-para-exterior-solei-modelo-ohv-59/","index, follow, max-image-preview:large, max-snippet:-1, max-video-preview:-1","Silla para exterior | Ofitodo","Silla de polipropileno de alta calidad garantiza resistencia UV y fácil mantenimiento, la elección ideal para terrazas, jardines y áreas al aire libre.",""
"https://ofitodo.com/producto/silla-para-oficina-directiva-dinamarca-ofitodo/",producto,200,"https://ofitodo.com/producto/silla-para-oficina-directiva-dinamarca-ofitodo/","https://ofitodo.com/producto/silla-para-oficina-directiva-dinamarca-ofitodo/","index, follow, max-image-preview:large, max-snippet:-1, max-video-preview:-1","Silla directiva para oficina | Ofitodo","Silla para oficina directiva, modelo Dinamarca con respaldo alto tapizado en malla color gris ergonómica y ultra cómoda. Brinda confort y elegancia.",""
"https://ofitodo.com/producto/silla-para-oficina-ejecutiva-delta/",producto,200,"https://ofitodo.com/producto/silla-para-oficina-ejecutiva-delta/","https://ofitodo.com/producto/silla-para-oficina-ejecutiva-delta/","index, follow, max-image-preview:large, max-snippet:-1, max-video-preview:-1","Silla ergonómica para oficina | Ofitodo","Silla para oficina ejecutiva ergonómica con descansabrazos ajustables, respaldo alto y ajuste de altura Ideal para comodidad y soporte.",""
"https://ofitodo.com/producto/silla-para-oficina-ejecutiva-modelo-pablo-alto-ofitodo/",producto,200,"https://ofitodo.com/producto/silla-para-oficina-ejecutiva-modelo-pablo-alto-ofitodo/","https://ofitodo.com/producto/silla-para-oficina-ejecutiva-modelo-pablo-alto-ofitodo/","index, follow, max-image-preview:large, max-snippet:-1, max-video-preview:-1","SILLA EJECUTIVA MODELO PABLO ALTO COLOR NEGRO | Ofitodo","Silla para oficina ejecutiva modelo Pablo Alto tapizado en piel, en espuma de 6cms con costuras y cabecera. Diseño elegante y super resistente.",""
"https://ofitodo.com/producto/silla-para-oficina-ejecutiva-modelo-valentina-alto-ofitodo/",producto,200,"https://ofitodo.com/producto/silla-para-oficina-ejecutiva-modelo-valentina-alto-ofitodo/","https://ofitodo.com/producto/silla-para-oficina-ejecutiva-modelo-valentina-alto-ofitodo/","index, follow, max-image-preview:large, max-snippet:-1, max-video-preview:-1","SILLA EJECUTIVA MODELO VALENTINA ALTO | Ofitodo","Silla ejecutiva para oficina con respaldo y asiento con estructura de madera de una sola pieza con espuma estándar tapizado en tela resistente color negro.",""
"https://ofitodo.com/producto/silla-visita-iso-sin-brazos-ofitodo/",producto,200,"https://ofitodo.com/producto/silla-visita-iso-sin-brazos-ofitodo/","https://ofitodo.com/producto/silla-visita-iso-sin-brazos-ofitodo/","index, follow, max-image-preview:large, max-snippet:-1, max-video-preview:-1","Silla de visita modelo ISO sin brazos | Ofitodo","Silla de visita modelo ISO sin brazos. Asiento y respaldo tapizado en tela color a elegir.",""
"https://ofitodo.com/producto/silla-visita-kyos-ohv-312/",producto,200,"https://ofitodo.com/producto/silla-visita-kyos-ohv-312/","https://ofitodo.com/producto/silla-visita-kyos-ohv-312/","index, follow, max-image-preview:large, max-snippet:-1, max-video-preview:-1","Silla visita para exterior | Ofitodo","Silla ergonómica con asiento y respaldo en polipropileno con descansabrazos ideal para uso exterior e interior. Alta resistencia.",""
"https://ofitodo.com/producto/silla-visita-modelo-arsenal-ofitodo/",producto,200,"https://ofitodo.com/producto/silla-visita-modelo-arsenal-ofitodo/","https://ofitodo.com/producto/silla-visita-modelo-arsenal-ofitodo/","index, follow, max-image-preview:large, max-snippet:-1, max-video-preview:-1","SILLA DE VISITA MODELO ARSENAL | Ofitodo","Silla de visita con respaldo de malla color negro, estructura de polipropileno con soporte lumbar acojinado, ajustable en altura.",""
"https://ofitodo.com/producto/silla-visita-modelo-ciani-ohv-308/",producto,200,"https://ofitodo.com/producto/silla-visita-modelo-ciani-ohv-308/","https://ofitodo.com/producto/silla-visita-modelo-ciani-ohv-308/","index, follow, max-image-preview:large, max-snippet:-1, max-video-preview:-1","Silla de visita ""Ciani"" | Ofitodo","Silla de visita con respaldo alto y asiento en hule espuma tapizados en soft revolving leather color negro. Brazos de aluminio fundido y pulidos con terminado natural.",""
"https://ofitodo.com/producto/silla-visita-modelo-loop/",producto,200,"https://ofitodo.com/producto/silla-visita-modelo-loop/","https://ofitodo.com/producto/silla-visita-modelo-loop/","index, follow, max-image-preview:large, max-snippet:-1, max-video-preview:-1","SILLA VISITA MODELO LOOP | Ofitodo","Silla Loop de visita, con un diseño innovador y calidad excepcional que agrega elegancia y comodidad a tu espacio, brindando a tus visitantes una experiencia formidable.",""
"https://ofitodo.com/producto/silla-visita-modelo-zaid-bajo-ofitodo/",producto,200,"https://ofitodo.com/producto/silla-visita-modelo-zaid-bajo-ofitodo/","https://ofitodo.com/producto/silla-visita-modelo-zaid-bajo-ofitodo/","index, follow, max-image-preview:large, max-snippet:-1, max-video-preview:-1","SILLA DE VISITA MODELO ZAID BAJO NEGRO | Ofitodo","Silla de visita modelo Zaid negro. Brinda elegancia, confort y resistencia en perfecto equilibrio. Un modelo clásico que luce perfecto en oficina.",""
"https://ofitodo.com/producto/silla-visita-moderna/",producto,200,"https://ofitodo.com/producto/silla-visita-moderna/","https://ofitodo.com/producto/silla-visita-moderna/","index, follow, max-image-preview:large, max-snippet:-1, max-video-preview:-1","Silla de visita moderna | Ofitodo","Silla de visita moderna con diseño moderno, tapizada en tela resistente y base de acero de alta durabilidad. Ideal para oficinas, recepciones, cafeterías y espacios colaborativos.",""
"https://ofitodo.com/producto/sillapara-exterior-modelo-koppla-ohv-93/",producto,200,"https://ofitodo.com/producto/sillapara-exterior-modelo-koppla-ohv-93/","https://ofitodo.com/producto/sillapara-exterior-modelo-koppla-ohv-93/","index, follow, max-image-preview:large, max-snippet:-1, max-video-preview:-1","Silla para jardín | Ofitodo","Silla para exterior ideal para terrazas o jardín. Con respaldo, asiento y descansabrazos de una sola pieza en polipropileno de alta resistencia y duración para intemperie.",""
"https://ofitodo.com/producto/sillon-de-visita-tipo-swam-ofitodo/",producto,200,"https://ofitodo.com/producto/sillon-de-visita-tipo-swam-ofitodo/","https://ofitodo.com/producto/sillon-de-visita-tipo-swam-ofitodo/","index, follow, max-image-preview:large, max-snippet:-1, max-video-preview:-1","SILLÓN DE VISITA TIPO SWAM COLOR NEGRO | Ofitodo","La forma del asiento giratorio lo hace agradable a la vista y la estructura de acero le otorga gran durabilidad.",""
"https://ofitodo.com/producto/sillon-de-visita/",producto,200,"https://ofitodo.com/producto/sillon-de-visita/","https://ofitodo.com/producto/sillon-de-visita/","index, follow, max-image-preview:large, max-snippet:-1, max-video-preview:-1","SILLÓN DE VISITA MODELO JADE COLOR GRIS | Ofitodo","Elegante sillón de visita para oficina, sala de recepción y hogar tapizado con espuma estándar y tela de alta resistencia al desgaste, color gris o negro.",""
"https://ofitodo.com/producto/sillon-directivo-modelo-amsterdam/",producto,200,"https://ofitodo.com/producto/sillon-directivo-modelo-amsterdam/","https://ofitodo.com/producto/sillon-directivo-modelo-amsterdam/","index, follow, max-image-preview:large, max-snippet:-1, max-video-preview:-1","Sillón negro Ámsterdam | Ofitodo","Sillón negro para oficina directiva Ámsterdam con diseño ergonómico de respaldo alto, tapizado en curpiel negro de alta calidad para un estilo profesional.",""
"https://ofitodo.com/producto/sillon-directivo-modelo-mallorca-alto/",producto,200,"https://ofitodo.com/producto/sillon-directivo-modelo-mallorca-alto/","https://ofitodo.com/producto/sillon-directivo-modelo-mallorca-alto/","index, follow, max-image-preview:large, max-snippet:-1, max-video-preview:-1","Sillón directivo para oficina | Ofitodo","Sillón Mallorca te da la elegancia atemporal y el confort premium para destacar en cada decisión. 100% Piel Vacuno con mecanismo de 3 posiciones.",""
"https://ofitodo.com/producto/sillon-directivo-modelo-stark-negro/",producto,200,"https://ofitodo.com/producto/sillon-directivo-modelo-stark-negro/","https://ofitodo.com/producto/sillon-directivo-modelo-stark-negro/","index, follow, max-image-preview:large, max-snippet:-1, max-video-preview:-1","Sillón directivo color negro | Ofitodo","Sillón directivo con diseño ergonómico, alta calidad y estilo profesional para destacar en tu oficina. Respaldo y asiento tapizado con curpiel disponible en beige y negro.",""
"https://ofitodo.com/producto/sillon-ejecutivo-modelo-arezzo-color-negro-ofitodo/",producto,200,"https://ofitodo.com/producto/sillon-ejecutivo-modelo-arezzo-color-negro-ofitodo/","https://ofitodo.com/producto/sillon-ejecutivo-modelo-arezzo-color-negro-ofitodo/","index, follow, max-image-preview:large, max-snippet:-1, max-video-preview:-1","SILLÓN EJECUTIVO MODELO AREZZO COLOR NEGRO | Ofitodo","Sillón ejecutivo, con respaldo alto en hule espuma laminado flexible, tapizada en soft revolving leather elegante color negro. Brazos de polipropileno acojinados y tapizados.",""
"https://ofitodo.com/producto/sillon-ejecutivo-modelo-re-1200-con-cabecera/",producto,200,"https://ofitodo.com/producto/sillon-ejecutivo-modelo-re-1200-con-cabecera/","https://ofitodo.com/producto/sillon-ejecutivo-modelo-re-1200-con-cabecera/","index, follow, max-image-preview:large, max-snippet:-1, max-video-preview:-1","SILLÓN EJECUTIVO MODELO RE-1200 CON CABECERA | Ofitodo","Sillón ejecutivo con diseño ergonómico, asiento y respaldo de acojinamiento de poliuretano inyectado ultra cómoda.",""
"https://ofitodo.com/producto/sillon-ejecutivo-modelo-re-1201/",producto,200,"https://ofitodo.com/producto/sillon-ejecutivo-modelo-re-1201/","https://ofitodo.com/producto/sillon-ejecutivo-modelo-re-1201/","index, follow, max-image-preview:large, max-snippet:-1, max-video-preview:-1","SILLÓN EJECUTIVO MODELO RE-1201 | Ofitodo","Sillón ejecutivo de respaldo medio con ajuste de profundidad, tapizado y diseño ergonómico.",""
"https://ofitodo.com/producto/sillon-ejecutivo-modelo-re-1300/",producto,200,"https://ofitodo.com/producto/sillon-ejecutivo-modelo-re-1300/","https://ofitodo.com/producto/sillon-ejecutivo-modelo-re-1300/","index, follow, max-image-preview:large, max-snippet:-1, max-video-preview:-1","SILLÓN EJECUTIVO MODELO RE-1300 | Ofitodo","Sillón ejecutivo de respaldo alto con ajuste de altura, tapizado y diseño ergonómico.",""
"https://ofitodo.com/producto/sillon-ejecutivo-modelo-wiker-ohv-139/",producto,200,"https://ofitodo.com/producto/sillon-ejecutivo-modelo-wiker-ohv-139/","https://ofitodo.com/producto/sillon-ejecutivo-modelo-wiker-ohv-139/","index, follow, max-image-preview:large, max-snippet:-1, max-video-preview:-1","SILLA EJECUTIVA MODELO WIKER OHV 139 | Ofitodo","Sillón ejecutivo para oficina con tapiz en soft revolving leather negro, diseño elegante y moderno que luce bien en tu espacio de trabajo.",""
"https://ofitodo.com/producto/sillon-flok-base-de-madera-ofitodo/",producto,200,"https://ofitodo.com/producto/sillon-flok-base-de-madera-ofitodo/","https://ofitodo.com/producto/sillon-flok-base-de-madera-ofitodo/","index, follow, max-image-preview:large, max-snippet:-1, max-video-preview:-1","Sillón Flok | Ofitodo","Sillón cómodo, versátil y vanguardista, es el indicado para tu proyecto de hotel, cafetería, sala de espera y hasta home office. ",""
"https://ofitodo.com/producto/sillon-loft-individual-ofitodo/",producto,200,"https://ofitodo.com/producto/sillon-loft-individual-ofitodo/","https://ofitodo.com/producto/sillon-loft-individual-ofitodo/","index, follow, max-image-preview:large, max-snippet:-1, max-video-preview:-1","SOFÁ LOFT INDIVIDUAL | Ofitodo","Es el sofá que realza el vanguardismo del espacio en el que se encuentre. Con base de madera de haya en color negro y tela de importación color gris.",""
"https://ofitodo.com/producto/sillon-modelo-mallorca-bajo/",producto,200,"https://ofitodo.com/producto/sillon-modelo-mallorca-bajo/","https://ofitodo.com/producto/sillon-modelo-mallorca-bajo/","index, follow, max-image-preview:large, max-snippet:-1, max-video-preview:-1","Sillón para oficina color negro | Ofitodo","Estilo y confort premium en cada jornada. Sillón operativo con respaldo bajo, 100% piel vacuno y diseño funcional para destacar en cualquier espacio.",""
"https://ofitodo.com/producto/sillon-moderno-individual-giratorio/",producto,200,"https://ofitodo.com/producto/sillon-moderno-individual-giratorio/","https://ofitodo.com/producto/sillon-moderno-individual-giratorio/","index, follow, max-image-preview:large, max-snippet:-1, max-video-preview:-1","Sillón moderno Fabio | Ofitodo","Sillón moderno individual con asiento tapizado y mecanismo giratorio con auto retorno. Ideal para oficina, hoteles y salas de espera.",""
"https://ofitodo.com/producto/sillon-moderno-individual-jade-spider/",producto,200,"https://ofitodo.com/producto/sillon-moderno-individual-jade-spider/","https://ofitodo.com/producto/sillon-moderno-individual-jade-spider/","index, follow, max-image-preview:large, max-snippet:-1, max-video-preview:-1","Sillón moderno individual Jade | Ofitodo","Sillón Jade Spider con diseño ergonómico, tapizado elegante y base spider Ideal para salas de estar, restaurantes y oficinas.",""
"https://ofitodo.com/producto/sillon-multiusos-ofitodo/",producto,200,"https://ofitodo.com/producto/sillon-multiusos-ofitodo/","https://ofitodo.com/producto/sillon-multiusos-ofitodo/","index, follow, max-image-preview:large, max-snippet:-1, max-video-preview:-1","Sillón multiusos | Ofitodo","Descubre el sillón ideal para tu espacio, materiales de alta calidad, y opciones de bases como plato o cruz. Confort, durabilidad y estilo en un solo lugar.",""
"https://ofitodo.com/producto/sillon-operativo-modelo-goetz-ohe-203/",producto,200,"https://ofitodo.com/producto/sillon-operativo-modelo-goetz-ohe-203/","https://ofitodo.com/producto/sillon-operativo-modelo-goetz-ohe-203/","index, follow, max-image-preview:large, max-snippet:-1, max-video-preview:-1","Sillon operativo ""Goetz"" | Ofitodo","Sillón operativo, elegante color negro confortable y duradera. Posee altura ajustable y cómodos apoyabrazos. Un excelente soporte lumbar fijo.",""
"https://ofitodo.com/producto/sillon-operativo-modelo-sucre-color-negro-ergonomica/",producto,200,"https://ofitodo.com/producto/sillon-operativo-modelo-sucre-color-negro-ergonomica/","https://ofitodo.com/producto/sillon-operativo-modelo-sucre-color-negro-ergonomica/","index, follow, max-image-preview:large, max-snippet:-1, max-video-preview:-1","SILLÓN OPERATIVO MODELO SUCRE COLOR NEGRO | Ofitodo","Sillón de oficina operativo, modelo Sucre con brazos fijos. Respaldo y asiento en una sola pieza, marco metálico, tapizado en malla color negro.",""
"https://ofitodo.com/producto/sillon-smart-con-paleta/",producto,200,"https://ofitodo.com/producto/sillon-smart-con-paleta/","https://ofitodo.com/producto/sillon-smart-con-paleta/","index, follow, max-image-preview:large, max-snippet:-1, max-video-preview:-1","SILLÓN SMART CON PALETA | Ofitodo","Sillón con compartimiento de almacenaje en la parte inferior. Incluye paleta giratoria (versión diestra con portavasos y soporte para tablet y versión zurda con portavasos) Diseño y comodidad que brindan confort al usuario.",""
"https://ofitodo.com/producto/sillon-smart-sin-paleta-ofitodo/",producto,200,"https://ofitodo.com/producto/sillon-smart-sin-paleta-ofitodo/","https://ofitodo.com/producto/sillon-smart-sin-paleta-ofitodo/","index, follow, max-image-preview:large, max-snippet:-1, max-video-preview:-1","SILLÓN SMART SIN PALETA | Ofitodo","Sillón con compartimiento de almacenaje en la parte inferior. Diseño y comodidad que brindan confort al usuario.",""
"https://ofitodo.com/producto/sofa-fabric-switch-ofitodo/",producto,200,"https://ofitodo.com/producto/sofa-fabric-switch-ofitodo/","https://ofitodo.com/producto/sofa-fabric-switch-ofitodo/","index, follow, max-image-preview:large, max-snippet:-1, max-video-preview:-1","SOFÁ FABRIC SWITCH | Ofitodo","Sofá de visita, ideal para espacios colaborativos y áreas de recepción. Con cuerpo de poliuretano flexible inyectado. Base madera pintadas en color negro.",""
"https://ofitodo.com/producto/sofa-loft-dos-plazas/",producto,200,"https://ofitodo.com/producto/sofa-loft-dos-plazas/","https://ofitodo.com/producto/sofa-loft-dos-plazas/","index, follow, max-image-preview:large, max-snippet:-1, max-video-preview:-1","SOFÁ LOFT DOS PLAZAS | Ofitodo","Es el sofá que realza el vanguardismo del espacio en el que se encuentre. Con base de madera de haya en color negro y tela de importación gris.",""
"https://ofitodo.com/producto/test-1/",producto,200,"https://ofitodo.com/producto/test-1/","https://ofitodo.com/producto/test-1/","index, follow, max-image-preview:large, max-snippet:-1, max-video-preview:-1","Test 1 | Ofitodo","",""
"https://ofitodo.com/producto/test-2/",producto,200,"https://ofitodo.com/producto/test-2/","https://ofitodo.com/producto/test-2/","index, follow, max-image-preview:large, max-snippet:-1, max-video-preview:-1","Test 2 | Ofitodo","",""
"https://ofitodo.com/producto/test-3/",producto,200,"https://ofitodo.com/producto/test-3/","https://ofitodo.com/producto/test-3/","index, follow, max-image-preview:large, max-snippet:-1, max-video-preview:-1","Test 3 | Ofitodo","",""
"https://ofitodo.com/productos/",pagina/post,200,"https://ofitodo.com/productos/","https://ofitodo.com/productos/","index, follow, max-image-preview:large, max-snippet:-1, max-video-preview:-1","Productos | Ofitodo","",""
"https://ofitodo.com/proveedor-confiable-mobiliario-oficina/",pagina/post,200,"https://ofitodo.com/proveedor-confiable-mobiliario-oficina/","https://ofitodo.com/proveedor-confiable-mobiliario-oficina/","index, follow, max-image-preview:large, max-snippet:-1, max-video-preview:-1","¿Cómo elegir un buen proveedor de mobiliario? | Ofitodo","Antes de aprobar un proveedor de mobiliario, revisa estos 4 criterios clave. OFITODO integra diseño, fabricación, instalación y garantía en una sola propuesta.","OFITODO"
"https://ofitodo.com/proyecto-a-empacadora-san-francisco/",pagina/post,200,"https://ofitodo.com/proyecto-a-empacadora-san-francisco/","https://ofitodo.com/proyecto-a-empacadora-san-francisco/","index, follow, max-image-preview:large, max-snippet:-1, max-video-preview:-1","Proyecto a Empacadora San Francisco | Ofitodo","",""
"https://ofitodo.com/proyecto-adient/",pagina/post,200,"https://ofitodo.com/proyecto-adient/","https://ofitodo.com/proyecto-adient/","index, follow, max-image-preview:large, max-snippet:-1, max-video-preview:-1","Proyecto Adient | Ofitodo","",""
"https://ofitodo.com/proyecto-ddf-mexico-recepciones/",pagina/post,200,"https://ofitodo.com/proyecto-ddf-mexico-recepciones/","https://ofitodo.com/proyecto-ddf-mexico-recepciones/","index, follow, max-image-preview:large, max-snippet:-1, max-video-preview:-1","Proyecto DDF México Recepciones | Ofitodo","",""
"https://ofitodo.com/proyecto-de-comedores-empresariales/",pagina/post,200,"https://ofitodo.com/proyecto-de-comedores-empresariales/","https://ofitodo.com/proyecto-de-comedores-empresariales/","index, follow, max-image-preview:large, max-snippet:-1, max-video-preview:-1","Proyecto de comedores empresariales | Ofitodo","",""
"https://ofitodo.com/proyecto-empresa-japonesa-zapatero/",pagina/post,200,"https://ofitodo.com/proyecto-empresa-japonesa-zapatero/","https://ofitodo.com/proyecto-empresa-japonesa-zapatero/","index, follow, max-image-preview:large, max-snippet:-1, max-video-preview:-1","Proyecto empresa japonesa zapatero | Ofitodo","",""
"https://ofitodo.com/proyecto-farmacias-del-ahorro/",pagina/post,200,"https://ofitodo.com/proyecto-farmacias-del-ahorro/","https://ofitodo.com/proyecto-farmacias-del-ahorro/","index, follow, max-image-preview:large, max-snippet:-1, max-video-preview:-1","Proyecto Farmacias del Ahorro | Ofitodo","",""
"https://ofitodo.com/proyecto-gabinetes-moviles-metalicos-y-lockers/",pagina/post,200,"https://ofitodo.com/proyecto-gabinetes-moviles-metalicos-y-lockers/","https://ofitodo.com/proyecto-gabinetes-moviles-metalicos-y-lockers/","index, follow, max-image-preview:large, max-snippet:-1, max-video-preview:-1","Proyecto Gábinetes móviles metálicos y lockers | Ofitodo","",""
"https://ofitodo.com/proyecto-llaves-en-mano/",pagina/post,200,"https://ofitodo.com/proyecto-llaves-en-mano/","https://ofitodo.com/proyecto-llaves-en-mano/","index, follow, max-image-preview:large, max-snippet:-1, max-video-preview:-1","Proyecto llaves en mano | Ofitodo","","PROYECTO LLAVES EN MANO"
"https://ofitodo.com/proyecto-mobiliario-escolar/",pagina/post,200,"https://ofitodo.com/proyecto-mobiliario-escolar/","https://ofitodo.com/proyecto-mobiliario-escolar/","index, follow, max-image-preview:large, max-snippet:-1, max-video-preview:-1","Proyecto mobiliario escolar | Ofitodo","",""
"https://ofitodo.com/proyecto-nissan-rfmn/",pagina/post,200,"https://ofitodo.com/proyecto-nissan-rfmn/","https://ofitodo.com/proyecto-nissan-rfmn/","index, follow, max-image-preview:large, max-snippet:-1, max-video-preview:-1","Proyecto Nissan RFMN | Ofitodo","",""
"https://ofitodo.com/proyecto-qmc-aguascalientes/",pagina/post,200,"https://ofitodo.com/proyecto-qmc-aguascalientes/","https://ofitodo.com/proyecto-qmc-aguascalientes/","index, follow, max-image-preview:large, max-snippet:-1, max-video-preview:-1","Proyecto QMC Aguascalientes | Ofitodo","",""
"https://ofitodo.com/proyectos-destacados/",pagina/post,200,"https://ofitodo.com/proyectos-destacados/","https://ofitodo.com/proyectos-destacados/","index, follow, max-image-preview:large, max-snippet:-1, max-video-preview:-1","Proyectos destacados | Ofitodo","","PROYECTOS DESTACADOS"
"https://ofitodo.com/sala-de-juntas/",pagina/post,200,"https://ofitodo.com/sala-de-juntas/","https://ofitodo.com/sala-de-juntas/","index, follow, max-image-preview:large, max-snippet:-1, max-video-preview:-1","Sala de Juntas | Ofitodo","Una sala de juntas bien diseñada mejora la comunicación, la productividad y la imagen profesional de tu empresa. En OFITODO creamos mobiliario a medida para cada espacio.","SALA DE JUNTAS"
"https://ofitodo.com/sala-espera-recepcion/",pagina/post,200,"https://ofitodo.com/sala-espera-recepcion/","https://ofitodo.com/sala-espera-recepcion/","index, follow, max-image-preview:large, max-snippet:-1, max-video-preview:-1","SALA DE ESPERA Y RECEPCIÓN | Ofitodo","","SALA DE ESPERA Y RECEPCIÓN"
"https://ofitodo.com/sectores/",pagina/post,200,"https://ofitodo.com/sectores/","https://ofitodo.com/sectores/","index, follow, max-image-preview:large, max-snippet:-1, max-video-preview:-1","Sectores | Ofitodo","",""
"https://ofitodo.com/shop/",pagina/post,200,"https://ofitodo.com/shop/","https://ofitodo.com/shop/","index, follow, max-image-preview:large, max-snippet:-1, max-video-preview:-1","Productos archivo | Ofitodo","",""
"https://ofitodo.com/soluciones/",pagina/post,200,"https://ofitodo.com/soluciones/","https://ofitodo.com/soluciones/","index, follow, max-image-preview:large, max-snippet:-1, max-video-preview:-1","Soluciones | Ofitodo","","SOLUCIONES"
"https://ofitodo.com/stand-madrid-fnsm-2026/",pagina/post,200,"https://ofitodo.com/stand-madrid-fnsm-2026/","https://ofitodo.com/stand-madrid-fnsm-2026/","index, follow, max-image-preview:large, max-snippet:-1, max-video-preview:-1","Stand Madrid FNSM 2026 | Ofitodo","","OFITODO"
"https://ofitodo.com/test/",pagina/post,200,"https://ofitodo.com/test/","https://ofitodo.com/test/","index, follow, max-image-preview:large, max-snippet:-1, max-video-preview:-1","TEST | Ofitodo","","TEST"
"https://ofitodo.com/tienda/",pagina/post,200,"https://ofitodo.com/tienda/","https://ofitodo.com/tienda/","index, follow, max-image-preview:large, max-snippet:-1, max-video-preview:-1","Tienda | Ofitodo","Conoce nuestra tienda con nuestro mobiliario para oficinas y soluciones integrales, fabricados con orgullo en Aguascalientes y México.","TIENDA"
"https://ofitodo.com/tipo/blog/",pagina/post,200,"https://ofitodo.com/tipo/blog/","https://ofitodo.com/tipo/blog/","index, follow, max-image-preview:large, max-snippet:-1, max-video-preview:-1","Blog | Ofitodo","","BLOG"
"https://ofitodo.com/tipo/proyectos/",pagina/post,200,"https://ofitodo.com/tipo/proyectos/","https://ofitodo.com/tipo/proyectos/","index, follow, max-image-preview:large, max-snippet:-1, max-video-preview:-1","Proyectos | Ofitodo","","PROYECTOS"
"https://ofitodo.com/tipo/tarjetas/",pagina/post,200,"https://ofitodo.com/tipo/tarjetas/","https://ofitodo.com/tipo/tarjetas/","index, follow, max-image-preview:large, max-snippet:-1, max-video-preview:-1","tarjetas | Ofitodo","","TARJETAS"
"https://ofitodo.com/tipo/uncategorized/",pagina/post,200,"https://ofitodo.com/tipo/uncategorized/","https://ofitodo.com/tipo/uncategorized/","index, follow, max-image-preview:large, max-snippet:-1, max-video-preview:-1","Uncategorized | Ofitodo","","UNCATEGORIZED"
"https://ofitodo.com/url-inexistente-para-404-xyz/",pagina/post,404,"https://ofitodo.com/url-inexistente-para-404-xyz/","","noindex, follow","Página no encontrada | Ofitodo","","404"